full_name,phone,email,age,experience,yearly_income,has_children,license_states,expiration_date,license_number
Joane Beahan,8169269440,jbeahan0@buzzfeed.com,32,26,702.6,true,MO,2021-09-09,r7e38p
Sarine Bonds,9156773064,sbonds1@virginia.edu,,4,,false,TX,2021-09-25,iu5ehn
Saloma Francesc,2039250663,sfrancesc2@google.com,29,24,6453.83,false,CT,2021-04-13,papt6r
Lucio Bramo,5015688489,lbramo3@princeton.edu,96,2,1170.07,true,AR,2021-09-11,gl4mnw
Raff Baud,5593601090,rbaud4@desdev.cn,98,,5682.43,,CA,2021-03-09,jsl715
Hamish Guye,3041924490,sbonds1@virginia.edu,100,24,6515.55,true,WV,2021-08-29,16wqrx
Joane Beahan,2088887310,smack6@hatena.ne.jp,5,1,2418.33,false,ID,2021-01-15,00jpfu
Jehu Molloy,2039250663,jmolloy7@mtv.com,72,16,7341.54,true,CA,2021-01-17,x4t8bu
Aguistin Burner,9789465929,aburner8@bloglovin.com,2,18,84.98,false,MA,2021-01-20,sgxmkc
Erl Graeser,4052842845,egraeser9@cloudflare.com,49,13,3833.72,true,OK,2021-12-10,dj68ke
Vivia Ivashkov,2148721699,vivashkova@gnu.org,19,6,9074.53,false,TX,2021-05-10,56qgwa
Greer Dix,6123464510,gdixb@home.pl,33,9,3945.97,false,MN,2021-08-24,k8nwfh
Kellby MacCrackan,6062835901,kmaccrackanc@squidoo.com,52,14,7628.38,true,KY,2021-11-03,ysa6ra
Carma Kenafaque,2022748046,ckenafaqued@newsvine.com,46,11,7127.58,false,DC,2021-08-28,5j00x8
Sorcha Oldroyd,7141906373,soldroyde@webeden.co.uk,4,14,4125.25,false,CA,2021-04-07,820ysk
Sarina Bartoloma,4432630514,sbartolomaf@marketwatch.com,22,13,6059.59,true,MD,2021-06-14,
Lucita Iddenden,7866191737,liddendeng@privacy.gov.au,41,6,7144.18,true,FL,2021-05-01,0ca8ws
Asia Schindler,8065916604,aschindlerh@clickbank.net,14,6,132.04,true,TX,2021-03-02,68n3wq
Mollie Karlmann,4152698429,mkarlmanni@unc.edu,100,19,3448.95,false,CA,2021-06-14,obbtek
Kiersten Althrop,5042891470,kalthropj@free.fr,11,19,7298.57,false,LA,2021-10-09,o9fmf5
Olivero Pavlovic,7146680721,opavlovick@state.gov,68,20,4734.32,true,CA,2021-03-09,7fbhdx
Chantal Garm,9209327098,cgarml@wired.com,61,17,2900.52,false,WI,2021-11-25,gnlspx
Moe Grivori,5024755767,mgrivorim@wisc.edu,78,,4676.97,,KY,2021-09-28,6x7xmb
Livvy Reuble,6781355540,lreublen@bloglovin.com,43,29,6642.31,false,GA,2021-11-23,g2bsef
Lamond Elloy,4788887428,lelloyo@newyorker.com,34,26,8493.22,true,GA,2021-04-25,291yqv
Rickie Shiers,3129897622,rshiersp@dropbox.com,60,10,8714.65,true,IL,2021-02-02,vcdeki
Fidel Van Der Straaten,8126395572,fvanq@privacy.gov.au,32,,7489.26,,IN,2021-08-13,vadurl
Griffin Brewins,9529704539,gbrewinsr@globo.com,11,,1832.56,,MN,2021-05-06,vn3wuw
Broddy MacTeggart,2055898728,bmacteggarts@theatlantic.com,32,3,5948.79,false,AL,2021-02-14,k5d3vt
Jaime Dallyn,8146350710,jdallynt@prnewswire.com,52,1,9344.61,true,PA,2021-03-31,yzonbh
Caddric Gisborne,7134856532,cgisborneu@psu.edu,60,25,9789.5,false,TX,2021-05-27,otsxm8
Renelle St. Quintin,5013137538,rstv@sbwire.com,70,28,6471.22,true,AR,2021-03-10,qvxpfv
Brandtr Eighteen,9164218630,beighteenw@ed.gov,93,27,6505.78,true,CA,2021-10-22,5nhqnz
Salomon Fieldstone,5626143980,sfieldstonex@taobao.com,46,30,9668.97,false,CA,2021-06-19,cke9lz
Melinde McAllester,8588606229,mmcallestery@wikipedia.org,65,12,4707.9,false,CA,2021-01-30,8333bm
Ephraim Royson,2537795755,eroysonz@dagondesign.com,91,3,3049.2,false,WA,2021-06-07,5xlz8j
Teriann Woodthorpe,6106519734,twoodthorpe10@samsung.com,34,13,5530.31,false,PA,2021-03-15,7gb5xd
Silvain Kenworthey,2601404597,skenworthey11@123-reg.co.uk,75,,1485.24,,IN,2021-06-24,4lodjn
Neron Breton,5718659443,nbreton12@tmall.com,86,,1144.31,,VA,2021-11-16,rzw79y
Darsey Stearns,7023637831,dstearns13@360.cn,33,30,6990.01,true,NV,2021-04-12,vxl6cd
Jo-anne Pirelli,2145880327,jpirelli14@livejournal.com,22,21,4179.4,false,TX,2021-02-05,iro1xt
Brunhilda Dhenin,3162523523,bdhenin15@princeton.edu,79,10,1888.1,false,KS,2021-08-17,f6rmem
Taite Tremellier,8592739700,ttremellier16@webnode.com,80,13,116.6,true,KY,2021-04-15,8d1xti
Kanya Wellman,7857740155,kwellman17@marketwatch.com,73,3,7207.48,true,KS,2021-03-21,u43b2u
Dorelia Rabley,3522322672,drabley18@wp.com,43,29,9774.31,true,FL,2021-12-08,d5te3z
Clemence MacGebenay,4095939113,cmacgebenay19@facebook.com,81,30,4723.15,true,TX,2021-06-18,mtvoim
Geri Amsden,7247208369,gamsden1a@imgur.com,46,19,4103.38,false,PA,2021-09-15,yh31ts
Hanna Confort,3045702290,hconfort1b@nyu.edu,86,11,2909.61,false,WV,2021-06-13,wc6fwp
Dorisa Walden,7021440399,dwalden1c@photobucket.com,84,7,9028.73,false,NV,2021-05-07,xgv3yr
Cosimo Garrett,6198452089,cgarrett1d@quantcast.com,68,28,2246.87,true,CA,2021-01-25,iaritu
Vivien Dawtrey,5022862258,vdawtrey1e@blinklist.com,50,9,9094.92,true,KY,2021-11-27,xz82za
Jessalin O'Spellissey,3238533612,jospellissey1f@google.com,86,3,8910.82,false,CA,2021-10-17,7jwsro
Panchito Franklin,5851794154,pfranklin1g@histats.com,65,18,834.07,true,NY,2021-03-07,99xusu
Sybila Laffranconi,3367113493,slaffranconi1h@cpanel.net,1,9,2991.4,true,NC,2021-04-03,rnvk81
Rahal Daniels,2126906771,rdaniels1i@cyberchimps.com,75,29,1956.98,false,NY,2021-10-18,xbsz4b
Karlene Sergison,2349920117,ksergison1j@naver.com,47,12,5158.72,false,OH,2021-06-30,
Dallis Dinesen,2021354440,ddinesen1k@google.nl,22,19,6791.77,true,DC,2021-11-02,dip3ku
Myer Goodacre,3047591092,mgoodacre1l@hibu.com,55,2,1784.43,false,WV,2021-04-25,11ccrh
Cy Natalie,6177078275,cnatalie1m@narod.ru,66,2,4334.56,false,MA,2021-07-14,nnkwal
Morganne Faro,2028925594,mfaro1n@youtube.com,38,12,2720.43,false,DC,2021-09-30,juoeps
Holt Giorgiutti,5058188376,hgiorgiutti1o@jigsy.com,55,6,8656.38,false,NM,2021-06-19,50dok8
Alli Mines,9377003193,amines1p@dell.com,85,27,3541.39,false,OH,2021-03-27,iuhotc
Riobard Archibold,2152519901,rarchibold1q@apache.org,89,26,7027.83,true,PA,2021-09-07,tqabgx
Zechariah Jahndel,2173798519,zjahndel1r@bbb.org,97,14,1572.77,false,IL,2021-01-26,c7t2cg
Rhonda Musso,2028358545,rmusso1s@bbb.org,43,1,1370.49,false,DC,2021-01-22,3h3hsy
Nicoline Mighele,3169730154,nmighele1t@photobucket.com,19,10,4900.55,true,KS,2021-09-16,bn60bv
Martainn Munt,2127796052,mmunt1u@comsenz.com,42,14,4355.38,true,NY,2021-07-18,wzhtjq
Kellia Burchfield,4149303944,kburchfield1v@baidu.com,,13,9437.6,true,WI,2021-06-08,
Ethel Dunton,2402685257,edunton1w@google.ca,97,27,3661.14,true,MD,2021-01-11,772zsg
Cloris Ivanaev,9527472958,civanaev1x@wunderground.com,99,29,4320.95,true,MN,2021-04-21,hs6cia
Krystyna Rubinsztein,2022262123,krubinsztein1y@amazon.com,17,11,6098.85,false,DC,2021-01-07,
Hoyt Pietrasik,4077873391,hpietrasik1z@springer.com,50,5,7439.85,true,FL,2021-01-04,f6z0mv
Harriott Woolland,9043818020,hwoolland20@forbes.com,,29,9069.85,true,FL,2021-10-10,lgx9v7
Carissa Bryden,7175085727,cbryden21@harvard.edu,34,16,6645.91,true,PA,2021-02-29,d5b7dx
Lorettalorna Lambrechts,2028684837,llambrechts22@w3.org,85,7,7329.57,false,DC,2021-04-29,9zsh2t
Sheba Crigin,3362643761,scrigin23@scribd.com,89,25,9759.71,true,,2021-07-12,ajda9z
Tyler Niese,8177948268,tniese24@trellian.com,59,,,,,2021-05-03,b7xer4
Dacie Chicco,9525445220,dchicco25@dropbox.com,45,4,9440.49,false,MN,2021-06-16,l56404
Wolf Heyball,3301998814,wheyball26@themeforest.net,41,28,7250.86,true,OH,2021-11-26,6b70yd
Lancelot Jennens,3101280650,ljennens27@telegraph.co.uk,84,18,8146.46,false,CA,2021-03-26,k4h4rd
Alfie Tott,2164240069,atott28@flavors.me,28,18,7044.71,true,OH,2021-07-29,a4i9rc
Mil Meo,4049668875,mmeo29@cdbaby.com,14,12,9720.84,true,GA,2021-09-24,lyjvyo
Willa Glowach,2141317785,wglowach2a@desdev.cn,60,24,8408.88,false,TX,2021-06-08,a2atct
Marcia Fergie,3096525850,mfergie2b@pagesperso-orange.fr,68,13,2445.98,true,IL,2021-08-06,2hbzst
Davis Shepherdson,2026882153,dshepherdson2c@typepad.com,100,21,1403.04,true,DC,2021-09-07,tn9qhp
Sophia Lacy,9044367178,slacy2d@techcrunch.com,93,14,1146.88,true,FL,2021-08-20,eoiub5
Mar Chazerand,2538690826,mchazerand2e@hhs.gov,43,10,4255.74,true,WA,2021-06-25,ckruvg
Beilul Seaborn,9132170836,bseaborn2f@epa.gov,41,23,5105.56,true,KS,2021-11-24,nxg7ol
Halimeda Pennetta,9077590576,hpennetta2g@opera.com,98,1,963.15,true,AK,2021-07-15,5fus0a
Wanda Gonoude,7182916945,wgonoude2h@ucla.edu,54,12,7871.39,false,NY,2021-10-13,sjjefs
Joyce Fleetham,2123940748,jfleetham2i@a8.net,9,13,55.06,false,NY,2021-09-27,dmldl1
Marline Lightbourne,6611216214,mlightbourne2j@arstechnica.com,91,7,4986.67,false,CA,2021-09-02,g1obz4
Allister Philippou,7027613680,aphilippou2k@discuz.net,53,3,2740.75,false,NV,2021-11-08,m2mhzq
Vanny Bloss,2025326885,vbloss2l@cafepress.com,,14,9329.3,false,,2021-02-13,1zr6oz
Annabal Bwye,2563095745,abwye2m@istockphoto.com,1,28,7451.31,true,AL,2021-10-14,cdd64a
Addie Calbreath,9402009967,acalbreath2n@opera.com,99,29,6198.68,false,TX,2021-07-06,z5uo5k
Gayle Asche,5713268783,gasche2o@google.ru,78,3,2914.67,false,VA,2021-11-06,u8uxld
Anabel Martinon,7028030049,amartinon2p@unicef.org,80,14,2261.93,false,NV,2021-07-18,xtol1z
Dee Bliss,7148790338,dbliss2q@state.tx.us,68,20,1987.95,true,CA,2021-10-31,ezqkz6
Estel Karp,3143249014,ekarp2r@booking.com,14,24,1813.33,false,MO,2021-03-10,7l2qoo
Natal Jerrold,9547936733,njerrold2s@list-manage.com,1,26,6186.14,true,FL,2021-12-07,tjpuu8
Oliy Drews,7168737441,odrews2t@cdbaby.com,96,6,8957.69,true,NY,2021-02-11,3zcul5
Philomena Widd,7207343404,pwidd2u@loc.gov,69,7,6068.42,true,CO,2021-07-14,sl6xoq
Butch McManamon,6309260073,bmcmanamon2v@domainmarket.com,8,17,932.15,false,IL,2021-03-13,9mit7q
Rebekah Cousen,4085504098,rcousen2w@accuweather.com,22,9,461.7,false,CA,2021-11-15,opzglp
Keefe Wathen,2122986514,kwathen2x@wordpress.com,76,20,9603.71,true,NY,2021-03-10,r7j7jr
Rosamund Slessar,3024083784,rslessar2y@nydailynews.com,98,14,195.21,false,DE,2021-12-18,xzc8vm
Sonni Suthworth,5085349111,ssuthworth2z@about.me,42,28,,true,MA,2021-04-01,rlippo
Tris Du Pre,5208076488,tdu30@desdev.cn,45,19,1054.58,false,AZ,2021-02-05,mtt5fh
Sybilla Christin,8503261791,schristin31@flickr.com,48,7,3844.5,true,FL,2021-10-05,lbu64h
Zola Asplin,2021144132,zasplin32@illinois.edu,69,14,2980.81,true,DC,2021-09-16,0l0lwh
Josepha Pickover,9525172026,jpickover33@eventbrite.com,,20,9186.04,false,MN,2021-08-19,tnrrfw
Corabella de Lloyd,6193063563,cde34@nasa.gov,54,14,257.13,true,CA,2021-05-07,s8huco
Elianore Finnimore,8161547835,efinnimore35@army.mil,4,25,8049.38,false,MO,2021-09-16,oj3wms
Clarance Playhill,7546908354,cplayhill36@yellowbook.com,30,30,7876.41,false,FL,2021-05-21,nor19a
Ferdy Wipfler,2024299837,fwipfler37@economist.com,62,9,6417.93,true,,2021-03-07,1soxta
Masha Thom,9205821745,mthom38@sciencedaily.com,77,8,2222.99,true,WI,2021-03-29,
Savina Petegrew,2131085642,spetegrew39@oakley.com,63,4,9686.72,true,,2021-12-18,1gwm97
Kettie Blacksland,3189426159,kblacksland3a@hostgator.com,40,20,7294.01,false,LA,2021-05-15,77nmzh
Nadia Orsay,5085739209,norsay3b@cargocollective.com,88,11,4245.87,false,MA,2021-09-09,6gnhts
Hyacinth Cordeiro,4153193072,hcordeiro3c@ucoz.ru,73,22,4602.9,false,CA,2021-04-23,yazrko
Harp Primarolo,7576783179,hprimarolo3d@stumbleupon.com,71,22,9007.4,false,VA,2021-05-26,yquvdb
Nathanial Cashen,8609123973,ncashen3e@jugem.jp,11,13,2281.91,false,CT,2021-03-20,xt1pkh
Devy Denys,2534680846,ddenys3f@mashable.com,36,9,5779.15,false,WA,2021-09-19,b7sjp8
Witty Swyer,5202568649,wswyer3g@uiuc.edu,60,27,9715.93,true,AZ,2021-07-07,077hqb
Vida Lenoir,4844013826,vlenoir3h@sourceforge.net,78,28,132.51,true,PA,2021-11-27,2dkw0x
Pavel Fayerbrother,3196283845,pfayerbrother3i@buzzfeed.com,38,29,5605.55,true,,2021-02-23,ho9057
Alphonso Matthai,6191592980,amatthai3j@wikispaces.com,30,19,2943.34,false,CA,2021-09-12,
Kelsey Hryniewicki,2148791223,khryniewicki3k@usnews.com,79,1,609.68,true,,2021-05-26,rwtbvf
Francesco Keaves,7068930777,fkeaves3l@dmoz.org,45,5,5964.71,true,,2021-08-17,9uy3j3
Tyrus Kornalik,5013139995,tkornalik3m@ezinearticles.com,34,27,9830.47,true,AR,2021-10-28,56fbvu
Gray Bes,7195118686,gbes3n@businessinsider.com,33,5,853.2,false,CO,2021-12-21,vkhfm5
Natty Garfoot,8123858067,ngarfoot3o@gmpg.org,46,1,7889.8,false,IN,2021-01-11,kmaroq
Benjy Tondeur,2145330264,btondeur3p@sourceforge.net,19,7,9147.92,true,TX,2021-04-28,
Burt Fotherby,4047917116,bfotherby3q@arstechnica.com,7,6,270.7,true,GA,2021-03-04,mqriy3
Carolee Dominichelli,8127067958,cdominichelli3r@bloomberg.com,13,5,9522.0,true,IN,2021-11-15,m01fxn
Cassondra Dyott,3041795639,cdyott3s@ehow.com,93,7,9844.38,false,WV,2021-06-13,ylxqql
Cam Flieg,9123437654,cflieg3t@disqus.com,89,,8410.83,,GA,2021-08-16,xhy4mk
Kaycee Devenish,3129933369,kdevenish3u@trellian.com,83,30,2549.98,true,IL,2021-03-11,mx5gi8
Winfred Juste,2151307272,wjuste3v@npr.org,19,23,8563.2,true,PA,2021-05-06,zmq5wb
Wilden Blemen,8139611748,wblemen3w@chronoengine.com,86,16,3826.97,false,FL,2021-08-21,
Lindsay Lorkings,6782599138,llorkings3x@yahoo.co.jp,80,7,8430.23,false,GA,2021-12-25,7ze02x
Guillermo Cardero,6193467421,gcardero3y@yahoo.co.jp,71,18,2790.48,true,CA,2021-01-23,pqn0zd
Haven Neal,8137657708,hneal3z@bigcartel.com,65,25,2331.14,true,FL,2021-10-21,nusd6k
Marci Sumpton,2035991721,msumpton40@walmart.com,76,5,502.07,false,CT,2021-11-02,
Avram Hadingham,2539917435,ahadingham41@skyrock.com,53,6,2213.66,true,WA,2021-07-14,f5ktu9
Bowie Greensall,7028849242,bgreensall42@friendfeed.com,9,26,4077.27,false,NV,2021-07-28,k0ar9x
Mikkel Males,2094861588,mmales43@jiathis.com,34,,2161.55,,CA,2021-02-17,
De Accombe,9528212077,daccombe44@china.com.cn,61,4,5698.8,true,MN,2021-09-22,i8f7jr
Estelle Titterton,7576647389,etitterton45@dot.gov,60,27,989.96,false,VA,2021-07-03,61wam4
Marlo Druhan,8584342083,mdruhan46@marketwatch.com,,24,,false,CA,2021-07-05,iw1q48
Darwin Garces,2032190966,dgarces47@cbslocal.com,88,24,,true,CT,2021-02-25,e48wxl
Paulie McNickle,2254381672,pmcnickle48@friendfeed.com,77,19,9506.31,false,LA,2021-01-18,qae3g8
Vaughn Gretton,6103050870,vgretton49@godaddy.com,26,11,5834.34,false,PA,2021-10-20,uws6am
Christin Vela,7196490612,cvela4a@etsy.com,79,4,1767.74,true,CO,2021-08-30,9t9bar
Cal Isakovic,7023038839,cisakovic4b@seattletimes.com,63,5,6384.88,true,NV,2021-08-12,6q0s8j
Milton O'Hdirscoll,9377825329,mohdirscoll4c@hhs.gov,97,13,7345.35,true,,2021-10-05,9tmwrg
Hortensia Leschelle,5128135364,hleschelle4d@unblog.fr,29,15,8276.95,false,TX,2021-09-01,y79ji2
Karolina Basford,9372891084,kbasford4e@ning.com,48,15,1627.01,false,OH,2021-08-23,m9g7pp
Merv Monkeman,8509297048,mmonkeman4f@goodreads.com,59,26,3470.36,false,FL,2021-11-10,w7ch1r
Lotty Walliker,9132790577,lwalliker4g@fotki.com,24,28,,false,KS,2021-04-01,vk60sy
Seward Cameli,5861352029,scameli4h@harvard.edu,14,26,4943.52,true,MI,2021-01-04,dfh7uo
Lorry Kingsnode,9714943211,lkingsnode4i@barnesandnoble.com,66,,,,OR,2021-08-06,5mtb29
Merry Merrigans,2147192247,mmerrigans4j@t.co,49,5,7111.43,false,TX,2021-04-17,l0thmt
Raquel Blick,8066695459,rblick4k@clickbank.net,86,14,872.39,false,TX,2021-01-07,zuyswn
Karee Stroulger,6612805970,kstroulger4l@pen.io,65,1,4763.7,true,CA,2021-08-12,fv1j64
Audre Streeten,7752380189,astreeten4m@blogspot.com,82,4,1769.25,true,NV,2021-05-09,laufwx
Claiborne Lange,3058557717,clange4n@cam.ac.uk,15,11,3251.69,true,FL,2021-01-27,
Roxanna Mapham,7191077085,rmapham4o@macromedia.com,60,,7737.23,,CO,2021-12-25,0tiw5d
Pavlov D'Ruel,6261568295,pdruel4p@desdev.cn,94,13,9817.33,true,CA,2021-04-02,0sh287
Olin Kennler,8166300728,okennler4q@salon.com,,19,220.61,true,MO,2021-08-20,xlwtkz
Jeannie Houselee,2288700398,jhouselee4r@huffingtonpost.com,59,24,8130.78,false,MS,2021-04-02,uswby5
Jeannine Izakovitz,8591530243,jizakovitz4s@china.com.cn,83,12,4893.6,true,KY,2021-11-07,n74uxj
Berta Sivier,4195030601,bsivier4t@eventbrite.com,30,28,3449.85,false,OH,2021-02-08,23z7n7
Randi Reubel,3134499672,rreubel4u@biblegateway.com,49,15,5525.95,true,,2021-06-22,svadd3
Hanni Lount,4024168794,hlount4v@edublogs.org,40,19,9510.67,true,NE,2021-05-30,7czj0k
Sigismond Luxmoore,9131132260,sluxmoore4w@bing.com,67,5,3684.53,false,KS,2021-04-07,tsr337
Ingar Deppe,7198392160,ideppe4x@opensource.org,64,20,2290.59,true,CO,2021-03-20,tk047e
Lanie Deakan,9189854377,ldeakan4y@bbc.co.uk,74,3,4331.51,false,OK,2021-07-19,31y7fn
Gearalt Samwell,4044203618,gsamwell4z@technorati.com,11,3,5160.28,true,GA,2021-11-04,x0za61
Gamaliel Viel,7199966316,gviel50@nba.com,47,24,6788.17,true,,2021-10-12,bbmx7l
Arron O'Lenechan,8606876290,aolenechan51@exblog.jp,93,20,2914.64,true,,2021-09-22,j6wpjs
Margaretha Gley,8089302457,mgley52@blogtalkradio.com,56,14,8678.88,false,HI,2021-10-22,4fb4oy
Mirabelle Rogeron,2025286736,mrogeron53@dmoz.org,97,16,351.94,false,DC,2021-07-09,92kwlr
Germaine Jessep,2819872441,gjessep54@blogspot.com,95,9,3438.36,false,TX,2021-08-29,246h9g
Tonnie Rickasse,9164380007,trickasse55@jalbum.net,19,25,5559.91,false,CA,2021-11-19,is7qc1
Elise Appleby,3472277236,eappleby56@china.com.cn,3,26,2006.5,false,NY,2021-09-27,2nwoev
Thane Aldus,6262092880,taldus57@addthis.com,,2,2471.82,true,CA,2021-01-25,76677w
Allie Cossons,2126048641,acossons58@spiegel.de,53,1,5347.47,false,NY,2021-03-04,i8q50i
Vaclav Le Grove,7148757409,vle59@reuters.com,11,23,3663.9,false,CA,2021-01-26,w4hikj
Kearney Siggery,4103821097,ksiggery5a@geocities.com,37,1,4162.27,true,,2021-06-01,kwxkiz
Isabeau Castelijn,5741931886,icastelijn5b@miitbeian.gov.cn,88,14,977.71,false,IN,2021-04-03,niya8b
Theo MacCarroll,7135145451,tmaccarroll5c@angelfire.com,54,5,368.05,false,TX,2021-05-07,ogjqaw
Clark Carlet,2062130406,ccarlet5d@yellowpages.com,79,8,6551.75,true,WA,2021-09-27,g9ceb4
Micah Postlethwaite,9084743295,mpostlethwaite5e@admin.ch,,6,8905.88,true,NJ,2021-10-06,ceuen4
Moss Jacobowits,3137913473,mjacobowits5f@ehow.com,57,21,2672.34,false,MI,2021-06-24,yo0fyq
Saree Inkpen,8164096741,sinkpen5g@sfgate.com,,4,6741.61,true,MO,2021-09-02,22zj7t
Mora Burgot,5123818282,mburgot5h@noaa.gov,75,25,2264.21,false,TX,2021-10-21,
Johan Throughton,7172549551,jthroughton5i@sitemeter.com,36,30,751.76,false,PA,2021-11-27,3dsdwe
Eloise Artingstall,6028319106,eartingstall5j@homestead.com,49,30,9307.04,true,,2021-05-27,i03wrk
Jacquenette Cockerill,4795154886,jcockerill5k@about.me,51,20,9077.68,true,AR,2021-03-19,2759mr
Daffy Sharphouse,3095391988,dsharphouse5l@telegraph.co.uk,34,15,386.71,true,IL,2021-12-21,7zntor
Ly Byart,5124486431,lbyart5m@canalblog.com,14,17,9910.33,true,,2021-01-04,5nqu12
Aldon Mogg,8168538889,amogg5n@wikipedia.org,89,10,493.96,false,MO,2021-07-21,x3z0ul
Mal Rowden,9199729146,mrowden5o@ehow.com,4,17,5069.78,false,NC,2021-10-25,7g3hk3
Roana Joiris,2098166690,rjoiris5p@ox.ac.uk,81,7,3770.66,false,CA,2021-03-28,gua2v0
Irwinn Tourry,3106148030,itourry5q@about.com,19,14,4329.66,true,,2021-05-09,e0s3tu
Vyky Capenor,5181754355,vcapenor5r@ed.gov,23,20,5766.72,false,NY,2021-11-08,oqocju
Jeremiah Elacoate,9372085943,jelacoate5s@51.la,41,26,139.67,false,OH,2021-08-02,hri4z6
Emelina Chasen,5858344171,echasen5t@jimdo.com,44,10,3475.28,true,NY,2021-10-19,aa2u6f
Elberta Paulillo,4081886364,epaulillo5u@army.mil,2,1,4257.05,false,CA,2021-10-29,d8rhpc
Missy Garritley,7169610975,mgarritley5v@baidu.com,90,6,121.41,true,NY,2021-05-14,n1kvk0
Lorry Kiehne,9157304679,lkiehne5w@wikipedia.org,91,9,2051.32,true,TX,2021-02-20,la2ldl
Kean Dudleston,9162463773,kdudleston5x@vk.com,42,9,6039.81,false,CA,2021-09-27,o3dewo
Jose Bratcher,2537693456,jbratcher5y@edublogs.org,76,5,8449.36,false,WA,2021-07-21,1w3h1h
Minnie Ruddy,6265029326,mruddy5z@amazon.de,52,7,1202.33,false,CA,2021-11-13,vkagjh
Case Gretton,3363088950,cgretton60@whitehouse.gov,74,23,9025.7,false,NC,2021-05-10,p16z6f
Oates Kaaskooper,9189889498,okaaskooper61@yahoo.com,57,,987.23,,OK,2021-03-28,9e5iiu
Any Diche,6059437610,adiche62@sphinn.com,35,10,8953.9,false,SD,2021-05-05,wt4p97
Zorine Braidman,8014669582,zbraidman63@gnu.org,82,29,3166.86,false,UT,2021-12-30,f92zno
Graig Lawless,2546185518,glawless64@mit.edu,56,21,9734.14,false,TX,2021-11-26,xcngwf
Zak Beckensall,9892620163,zbeckensall65@cpanel.net,8,17,5701.69,true,MI,2021-09-22,1g82gw
Scott Docksey,7137296785,sdocksey66@tamu.edu,50,23,6190.41,true,TX,2021-09-29,l8xyvi
Trenna Vest,6512774092,tvest67@patch.com,95,3,960.97,false,MN,2021-03-21,
Kippie Drewitt,2053081433,kdrewitt68@bizjournals.com,5,19,7644.29,true,AL,2021-10-09,
Giacobo Radwell,7048035190,gradwell69@live.com,27,30,1864.27,false,NC,2021-02-19,qcir3m
Trenna Grigolli,9701874085,tgrigolli6a@state.tx.us,4,27,2211.98,false,CO,2021-09-09,s5s2ab
Gerek Allpress,2149904254,gallpress6b@ifeng.com,16,4,2741.39,false,TX,2021-07-28,pd098f
Ambrose Cinnamond,2517376587,acinnamond6c@studiopress.com,5,15,5583.85,false,AL,2021-07-01,3kihdr
Curtice Gooderidge,2027503470,cgooderidge6d@purevolume.com,81,8,3128.2,true,DC,2021-03-18,67dkqf
Tiebold Petrik,2178915018,tpetrik6e@sciencedirect.com,61,21,7486.28,false,IL,2021-04-05,x90jyo
Marthe Scocroft,2166641267,mscocroft6f@nyu.edu,3,2,3080.31,true,OH,2021-04-14,qhsty8
Sapphire Clemmitt,6149081700,sclemmitt6g@nhs.uk,,12,231.88,false,OH,2021-10-19,xqt7ec
Shelia Cosbee,6168364198,scosbee6h@shop-pro.jp,47,3,3211.29,true,MI,2021-02-21,z1mq6y
Jacynth Beaze,6236614703,jbeaze6i@usda.gov,25,,7922.52,,AZ,2021-04-02,015sz2
Flemming Skrines,5106723329,fskrines6j@wp.com,28,27,1337.22,true,,2021-04-15,7zfic3
Hiram Andreone,9522266782,handreone6k@umich.edu,47,,8173.14,,MN,2021-02-02,qni73q
Dorena Kyffin,7169746024,dkyffin6l@wisc.edu,96,8,4892.45,true,NY,2021-03-02,gr3k5i
Ileana Childers,9403901620,ichilders6m@mayoclinic.com,5,21,9857.07,true,TX,2021-10-10,sdph68
Doroteya Westphal,4074395677,dwestphal6n@cnbc.com,30,21,8377.2,false,FL,2021-10-24,z5v377
Parker Couronne,6141983901,pcouronne6o@cnn.com,71,29,4035.21,false,OH,2021-01-15,0zgq7i
Carly Wonfor,7042112822,cwonfor6p@independent.co.uk,76,8,1616.26,true,NC,2021-01-06,a9qk13
Leeanne Duffitt,3051585639,lduffitt6q@rediff.com,36,13,7539.48,true,FL,2021-09-29,5nletu
Kimberlyn Leven,2126362692,kleven6r@uol.com.br,36,19,,true,NY,2021-01-11,ww89kr
Falkner Farn,6151766793,ffarn6s@phpbb.com,90,22,1284.44,true,TN,2021-06-07,n8fpp5
Johnath Duigenan,4799027920,jduigenan6t@home.pl,67,21,7145.72,true,AR,2021-02-16,mq8msl
Sven Daskiewicz,7859395529,sdaskiewicz6u@oracle.com,59,26,7690.33,true,KS,2021-02-11,c1s9vj
Kimberli Churchyard,7759225924,kchurchyard6v@icq.com,64,26,4106.3,false,NV,2021-10-09,lk7xcf
Marisa Mollison,2816343212,mmollison6w@instagram.com,56,,8350.91,,TX,2021-12-03,86l6zj
Lester Paynter,2563640178,lpaynter6x@reverbnation.com,87,24,4058.44,true,AL,2021-03-16,206830
Drusie Conti,4191460306,dconti6y@artisteer.com,18,22,5056.64,false,,2021-06-21,khp7li
Chic Piddlehinton,5052664410,cpiddlehinton6z@tuttocitta.it,38,30,9081.19,true,,2021-06-29,ziia6z
Augustine Larimer,2056907558,alarimer70@theguardian.com,89,16,9593.54,false,AL,2021-04-13,go1ya4
Dannie Cardillo,3033378011,dcardillo71@simplemachines.org,78,24,6468.08,false,CO,2021-01-16,cy3jat
Aguie Freire,8504577692,afreire72@hp.com,73,7,1159.78,false,FL,2021-03-24,ypgnja
Lorianna Pentlow,8168637257,lpentlow73@zimbio.com,45,6,5589.45,true,MO,2021-08-02,j7riq1
Isador Bendik,2022806002,ibendik74@google.com.au,6,27,5183.42,false,DC,2021-05-17,kpoz0o
Janith McAviy,9415539599,jmcaviy75@quantcast.com,61,2,4932.83,true,FL,2021-06-02,7ls826
Heinrick Chaunce,3053644314,hchaunce76@lulu.com,66,7,1889.3,true,FL,2021-01-13,fdr89t
Sibilla Managh,5124806944,smanagh77@sphinn.com,13,,5344.99,,TX,2021-09-02,jz6mag
Alwin Dach,9196430063,adach78@soundcloud.com,61,,4153.82,,NC,2021-06-08,dqjofk
Philippa Adolfson,9169875484,padolfson79@mozilla.com,73,3,1232.19,false,CA,2021-01-07,hl5k09
Eunice McCague,8017322479,emccague7a@yahoo.com,25,13,6977.6,true,UT,2021-10-13,
Annie Brewett,5621463421,abrewett7b@census.gov,7,18,6534.79,false,CA,2021-05-22,swr2y8
Des Veracruysse,7027050951,dveracruysse7c@yellowbook.com,28,1,8354.15,true,,2021-12-09,wdu1xn
Tania Axston,4025010487,taxston7d@ted.com,11,30,4029.43,true,NE,2021-10-28,hpgx2s
Maurice Lashford,4086581993,mlashford7e@slideshare.net,96,14,9460.17,false,CA,2021-04-20,fcla9r
Jessica Liggins,5022262220,jliggins7f@biblegateway.com,45,30,2095.74,true,KY,2021-08-23,3x8v1v
Genia Freen,8182053568,gfreen7g@reverbnation.com,70,3,4668.4,true,CA,2021-02-27,kki032
Purcell Collard,8136233937,pcollard7h@bbb.org,39,16,4965.88,false,FL,2021-10-03,q5rmh5
Frank Grimsdyke,4101937013,fgrimsdyke7i@over-blog.com,11,,127.22,,MD,2021-12-26,1sg9yt
Merwin Cuffley,8323091614,mcuffley7j@abc.net.au,10,18,2453.23,true,TX,2021-03-01,7xm192
Miguelita Marnes,2022863026,mmarnes7k@scribd.com,98,27,9164.81,true,DC,2021-12-08,mofc7g
Whittaker MacGillavery,9728204597,wmacgillavery7l@si.edu,40,30,7663.16,false,TX,2021-08-07,222146
Lucias Kilbey,6145178138,lkilbey7m@blogs.com,4,27,1925.31,false,OH,2021-02-03,r9avd2
Pinchas Heelis,4134455226,pheelis7n@cyberchimps.com,50,29,723.88,false,MA,2021-03-25,7c41ku
Brittaney Espinheira,8162413362,bespinheira7o@berkeley.edu,85,2,8636.32,false,MO,2021-11-29,2star6
Sophia Sefton,6303613106,ssefton7p@cbc.ca,68,23,5445.82,false,IL,2021-02-15,ic40ih
Adda Glenton,8621107505,aglenton7q@who.int,88,9,2544.47,true,NJ,2021-02-15,tj6o6f
Kimberlyn Bratton,5139318296,kbratton7r@youku.com,89,22,1361.66,true,OH,2021-12-26,db4kue
Constance Antat,3041956799,cantat7s@tuttocitta.it,22,24,5156.29,true,WV,2021-02-24,pk99gb
Carlita Clemendot,5175673923,cclemendot7t@wikispaces.com,21,26,4122.86,false,MI,2021-09-04,up9ru5
Maybelle Boult,9188247301,mboult7u@wordpress.org,76,11,5384.55,false,OK,2021-03-18,3h343m
Giffy Grunnell,8058679359,ggrunnell7v@google.pl,57,,9370.81,,CA,2021-11-25,uzq2as
Seymour Jeske,8065641747,sjeske7w@answers.com,26,,3481.01,,TX,2021-02-01,9zrkfa
Virgilio Escott,2392698125,vescott7x@google.com.hk,37,16,2425.38,false,FL,2021-11-05,dlpq0l
Adaline Kerr,8064303489,akerr7y@devhub.com,78,7,1079.83,false,TX,2021-11-24,25hrax
Adan Jacobovitz,5133704324,ajacobovitz7z@java.com,93,12,3393.84,false,OH,2021-07-04,pqa0yq
Anestassia Fetherston,4252890317,afetherston80@technorati.com,,5,4851.49,true,WA,2021-10-29,65z1vx
Sam Kembrey,3123848518,skembrey81@spiegel.de,2,4,1139.68,false,IL,2021-06-17,
Ogden Georgeon,4147058135,ogeorgeon82@youtube.com,3,16,9325.58,false,WI,2021-06-12,
Loleta McGarrahan,6166701746,lmcgarrahan83@adobe.com,7,25,5918.46,false,MI,2021-03-05,lnihxn
Fernando Rake,2098018768,frake84@xing.com,47,18,3167.1,true,CA,2021-02-22,ee61df
Albina Luckcuck,5022703538,aluckcuck85@exblog.jp,43,28,8950.19,false,,2021-02-02,55dymf
Thorstein Reiners,5043501425,treiners86@nymag.com,94,15,811.95,true,LA,2021-09-24,ffrs12
Benedetta Aksell,3017945630,baksell87@abc.net.au,19,4,5033.36,false,MD,2021-04-27,d3ti03
Stormy Allman,4084328647,sallman88@umn.edu,22,,3483.79,,CA,2021-04-09,hjtmv6
Tad Sicha,5123769697,tsicha89@google.com,9,21,8398.01,true,TX,2021-01-08,ajvbx8
Fayre Hugonnet,2053413554,fhugonnet8a@cbc.ca,10,12,3253.63,true,AL,2021-02-28,5lnbiu
Correy Beattie,5162088782,cbeattie8b@nih.gov,31,7,7091.36,false,NY,2021-09-20,063d5v
Vannie Dwerryhouse,3346106928,vdwerryhouse8c@thetimes.co.uk,19,30,5662.59,true,AL,2021-10-06,z1g4ve
Gerick Braam,8436137083,gbraam8d@imageshack.us,40,16,2613.88,true,SC,2021-12-02,ydoytl
Carline Swinbourne,2027219077,cswinbourne8e@ed.gov,82,22,8517.53,false,DC,2021-11-04,qq2znz
Ab Leall,5184056855,aleall8f@imgur.com,99,11,5902.13,false,NY,2021-05-16,y2yq8r
Debera Pues,2609371180,dpues8g@google.ca,43,1,8938.94,true,IN,2021-06-28,03jjbq
Del Delos,5059786852,ddelos8h@imdb.com,90,22,5867.05,false,NM,2021-10-10,3vrif8
Der Ibanez,3608155699,dibanez8i@blinklist.com,25,17,3931.07,false,WA,2021-04-20,ngbome
Alina Abercrombie,5203314456,aabercrombie8j@bloglovin.com,45,16,5583.54,false,AZ,2021-12-27,xdnzql
Katherina Tuxwell,4052798392,ktuxwell8k@technorati.com,70,18,6792.35,false,OK,2021-07-15,zupoyb
Arni Duberry,8591504898,aduberry8l@nhs.uk,90,5,9877.0,false,KY,2021-10-31,30u0u4
Barbara-anne Wolfit,3606519688,bwolfit8m@biglobe.ne.jp,79,29,8323.88,true,WA,2021-09-17,6x7y4u
Brook Methingam,8431352455,bmethingam8n@mayoclinic.com,89,25,4059.76,true,SC,2021-08-24,
Juana Claypool,2549017013,jclaypool8o@yelp.com,5,18,9500.88,false,TX,2021-10-19,4txino
Bobinette Maxwell,2062711746,bmaxwell8p@twitpic.com,32,28,821.04,true,WA,2021-08-08,ikhot6
Ardenia Holbury,3049836112,aholbury8q@livejournal.com,16,24,4851.5,false,WV,2021-09-18,
Stacy Rawle,4029754496,srawle8r@columbia.edu,25,21,8492.98,false,NE,2021-09-15,lyayhp
Correy Roddick,9517961245,croddick8s@stumbleupon.com,33,22,9727.11,true,CA,2021-03-25,e56xqn
Ermentrude Dacey,9729700967,edacey8t@unesco.org,63,2,6987.26,false,TX,2021-07-25,feoaei
Natka Yakob,2128330025,nyakob8u@answers.com,72,7,2113.74,true,NY,2021-09-15,gx8xx3
Alison Mugridge,8046399820,amugridge8v@mapy.cz,48,3,6567.03,false,,2021-08-09,gcmfi9
Prudi Spellsworth,8592865624,pspellsworth8w@apache.org,83,15,7413.15,true,KY,2021-02-27,fi8pse
Garner Mocher,3019251746,gmocher8x@patch.com,95,26,3242.85,false,MD,2021-04-16,2fo6ex
Eugenie Hearnden,4043327825,ehearnden8y@yellowpages.com,50,16,4847.8,true,GA,2021-09-04,
Malvin Petti,4059496390,mpetti8z@upenn.edu,92,19,,false,OK,2021-02-25,yrnalb
Bryanty Mackerness,9014736644,bmackerness90@ebay.com,44,2,1879.74,true,TN,2021-10-09,b0eh2l
Haskell de Bullion,7274604633,hde91@berkeley.edu,45,9,9359.36,true,FL,2021-02-28,5q5mmp
Joanie Lamort,7133387621,jlamort92@engadget.com,82,27,2296.19,false,TX,2021-07-18,h4nz50
Kory Origan,2148705717,korigan93@liveinternet.ru,90,25,282.26,true,,2021-02-24,nlnotm
Othelia Alday,5124051929,oalday94@wufoo.com,84,16,6750.38,false,TX,2021-08-15,xxix04
Dorine Martygin,3363926348,dmartygin95@wisc.edu,16,8,2663.9,false,NC,2021-02-19,6zyv7w
Sandy Robak,6075613794,srobak96@ow.ly,98,1,7482.04,true,NY,2021-09-08,7w19e3
Collete Glowacha,5593528680,cglowacha97@paypal.com,66,3,483.23,false,CA,2021-09-29,pyw49p
Marve Wiz,2025434451,mwiz98@ycombinator.com,92,18,5650.1,false,DC,2021-12-03,rqmy40
Byrann Vautin,4257566316,bvautin99@youku.com,24,29,9299.79,false,WA,2021-11-02,fsovfw
Cary Thing,6627265064,cthing9a@i2i.jp,63,19,7562.89,true,MS,2021-09-12,68tb31
Nowell Emloch,2348476062,nemloch9b@facebook.com,67,15,8122.86,false,OH,2021-10-05,
Adrian Barriball,2178561841,abarriball9c@aboutads.info,90,25,4246.4,true,IL,2021-11-17,d7ehc1
Riccardo Ginni,9189469395,rginni9d@berkeley.edu,45,27,4501.95,true,OK,2021-05-24,3s0m24
Alvan Emanuelli,2054042567,aemanuelli9e@over-blog.com,42,22,1241.66,true,AL,2021-04-21,8hdfi1
Alan Babst,2174346003,ababst9f@usda.gov,23,21,7153.51,true,IL,2021-04-07,wld0cr
Teresa Itzhak,2061284304,titzhak9g@hibu.com,21,28,5694.22,true,WA,2021-09-17,3vnlwp
Gottfried Trim,7174968698,gtrim9h@ameblo.jp,92,11,5273.45,false,PA,2021-09-12,jj8mq0
Jarvis Essery,3015363163,jessery9i@mysql.com,39,1,6086.84,false,MD,2021-05-28,h9fmxw
Elfreda Mousby,3136325505,emousby9j@ucsd.edu,92,9,,true,MI,2021-02-23,56ityl
Nertie Jozefowicz,7173020826,njozefowicz9k@altervista.org,62,21,1381.4,true,PA,2021-06-22,
Consuelo Franzonello,8103006248,cfranzonello9l@mashable.com,23,17,2011.44,true,MI,2021-12-31,lzeejz
Alex McMurraya,8042354751,amcmurraya9m@wordpress.org,43,10,1402.43,true,VA,2021-11-27,ple0be
Johnnie Furmonger,2062127369,jfurmonger9n@soup.io,9,14,7627.29,false,WA,2021-11-12,uez97p
Jess Harms,3218124662,jharms9o@so-net.ne.jp,37,20,4051.58,false,FL,2021-04-03,9mswkw
Alexia Emblow,2069396736,aemblow9p@ucsd.edu,66,20,5190.52,true,WA,2021-12-29,
Ellswerth McDonand,6502521459,emcdonand9q@sohu.com,80,5,4338.51,false,CA,2021-01-21,h4n5ws
Aharon Faudrie,6238552302,afaudrie9r@netscape.com,55,17,8125.79,true,AZ,2021-04-20,ik7v6f
Celestyn Beinke,9703061083,cbeinke9s@netvibes.com,19,17,1637.67,true,CO,2021-05-11,arsz19
Arlinda Halliberton,7635199197,ahalliberton9t@answers.com,98,1,5022.71,false,MN,2021-06-05,fnl3xo
Gillian Dowey,4194724761,gdowey9u@yellowbook.com,83,29,9450.03,false,OH,2021-04-08,g1wno1
Bartholomeo Mainland,9282993280,bmainland9v@pbs.org,29,14,6365.47,true,AZ,2021-11-01,x2iafj
Olenka Campanelli,5869636376,ocampanelli9w@ameblo.jp,71,27,5928.56,false,MI,2021-02-10,m3s36a
Allissa Drennan,8123122913,adrennan9x@dell.com,45,,2304.8,,IN,2021-03-21,eh68yp
Leticia Trenear,9094919216,ltrenear9y@jiathis.com,68,13,3669.13,true,CA,2021-07-20,0t356z
Bernadette Glasebrook,4804638896,bglasebrook9z@skyrock.com,96,27,9735.03,true,,2021-01-27,5r5v8q
Ward Granleese,5208799632,wgranleesea0@ebay.co.uk,19,9,5448.62,false,AZ,2021-01-09,y8inj3
Konrad Orans,2129488291,koransa1@bravesites.com,76,11,9936.58,true,NY,2021-04-07,bopdrl
Earvin Beddie,2013778592,ebeddiea2@pinterest.com,68,13,2129.1,false,NJ,2021-01-23,1p21lz
Niki Spacy,5039997611,nspacya3@google.com.br,36,21,965.17,true,OR,2021-12-15,vmknso
Algernon Fante,9708478688,afantea4@shop-pro.jp,18,6,1424.81,true,CO,2021-11-16,mlnphh
Valentin Gisbourn,6176087186,vgisbourna5@ted.com,64,23,8048.06,false,MA,2021-11-18,wlauck
Aylmar Shore,2147321012,ashorea6@macromedia.com,37,4,8034.43,false,TX,2021-12-14,rbdo8d
Luther Bhar,9185749429,lbhara7@businesswire.com,85,2,4091.34,false,OK,2021-06-02,
Rebbecca Clinnick,6029552658,rclinnicka8@liveinternet.ru,47,1,1857.89,false,AZ,2021-10-30,xauq4y
Cahra Nicolls,3107578506,cnicollsa9@mac.com,9,29,3096.79,true,CA,2021-02-22,89tr0b
Chalmers Rendall,7165158854,crendallaa@google.co.uk,64,12,7919.31,true,,2021-03-06,1asun6
Manda Pettendrich,9073347824,mpettendrichab@dion.ne.jp,67,13,2811.82,false,AK,2021-11-11,dipt0g
Marjorie Kirwood,9049092098,mkirwoodac@amazon.com,14,1,4543.73,false,,2021-09-26,bh1e99
Cristy Wilber,5613067027,cwilberad@yahoo.com,5,1,7193.93,false,FL,2021-02-14,
Sonny Ricciardo,9153663225,sricciardoae@google.co.jp,20,9,6736.67,false,TX,2021-02-20,tp17i1
Wallace Deason,2125022304,wdeasonaf@va.gov,89,18,8070.47,true,NY,2021-06-25,8mrx16
Doyle Nussen,8163035192,dnussenag@nhs.uk,2,8,6734.1,true,KS,2021-03-08,zq01wy
Boot Darlington,7021260121,bdarlingtonah@feedburner.com,57,16,4156.58,true,NV,2021-10-25,ycrlxh
Milly Frazier,8458083150,mfrazierai@diigo.com,100,15,2706.47,true,NY,2021-04-29,z9gw3x
Emogene Gregoretti,7868357658,egregorettiaj@mac.com,95,24,9238.08,false,FL,2021-03-05,9eecko
Andie Bramford,3036456816,abramfordak@over-blog.com,61,4,8875.12,false,CO,2021-11-15,dtgd2p
Gennie Anmore,6016424985,ganmoreal@chronoengine.com,6,17,7917.61,true,MS,2021-11-13,ffjksk
Niven Zupone,6304395444,nzuponeam@psu.edu,63,24,559.59,true,IL,2021-07-03,uzjz7j
Cecilla Riveles,8431082740,crivelesan@indiatimes.com,,29,5457.46,false,SC,2021-08-01,xs6rsc
Feliks Kob,9517156838,fkobao@fema.gov,92,6,2250.86,true,CA,2021-10-24,jjmhxz
Felicle Grand,5092131584,fgrandap@sakura.ne.jp,2,15,1778.76,true,WA,2021-06-27,r88nv9
Micheline Brounsell,4129015167,mbrounsellaq@trellian.com,60,27,4817.99,false,PA,2021-12-02,ieiuui
Daryl Wardingley,4074610393,dwardingleyar@nationalgeographic.com,80,26,2202.28,true,FL,2021-08-07,o0s2qv
Lawrence Wooffitt,5155205320,lwooffittas@livejournal.com,33,4,6777.85,true,IA,2021-07-19,
Ernest Skeldon,3132961646,eskeldonat@nature.com,8,29,9953.71,false,MI,2021-03-21,h9e7gj
Susy Merrifield,7134523031,smerrifieldau@phpbb.com,61,1,,true,TX,2021-10-20,68g7t1
Lavinia Fishlock,2695734635,lfishlockav@mozilla.org,89,13,1474.72,true,MI,2021-04-25,jxtcm2
Zuzana Ayliffe,6073303047,zayliffeaw@eepurl.com,95,17,276.84,true,NY,2021-07-09,iydn14
Ringo Bebis,3603199088,rbebisax@cargocollective.com,82,30,3420.95,true,WA,2021-03-08,
Minette Hinsche,2011429719,mhinscheay@cocolog-nifty.com,58,4,7394.67,true,NJ,2021-04-21,bj6jx6
Cesaro Phipson,5045343265,cphipsonaz@creativecommons.org,89,26,1729.61,true,LA,2021-06-26,
Sibel Threlfall,9719612414,sthrelfallb0@tinypic.com,30,5,2343.16,false,OR,2021-07-29,nclbje
Yolanthe Larkin,7182067172,ylarkinb1@washington.edu,31,1,1964.17,false,NY,2021-12-10,5segf9
Ambros Liell,9897817835,aliellb2@friendfeed.com,24,24,7632.99,false,,2021-11-20,fzlrqb
Christabel Dewsbury,8125115187,cdewsburyb3@cafepress.com,78,10,2238.11,false,,2021-01-03,8l7an6
Elmer Bottoner,9164363715,ebottonerb4@com.com,59,27,3881.4,false,CA,2021-03-29,qpjw6t
Renato Ezzell,8438473628,rezzellb5@ocn.ne.jp,8,11,4525.02,true,SC,2021-12-25,t1xgzl
Jordana Clinton,5048424642,jclintonb6@devhub.com,98,13,9975.3,true,LA,2021-12-20,aiu32u
Ellynn English,3869081524,eenglishb7@tripod.com,41,,6768.46,,FL,2021-12-16,djpfrs
Brice Fenton,5131181752,bfentonb8@51.la,50,20,8068.44,false,OH,2021-01-23,07z2na
Tobie Farmer,9039069130,tfarmerb9@toplist.cz,45,28,690.42,true,TX,2021-07-05,54ed4p
Margeaux Figin,3046638221,mfiginba@pbs.org,17,26,3304.88,true,WV,2021-11-22,6jwkgc
Mireielle Chese,4055539439,mchesebb@washingtonpost.com,26,,2726.32,,OK,2021-04-12,f9c7xk
Gray Tesimon,3196122475,gtesimonbc@gov.uk,15,9,9717.98,true,,2021-06-17,3uco0i
Natty Jeannel,9129566665,njeannelbd@prweb.com,38,28,5297.46,false,,2021-01-04,0nkykx
Berton Chalk,9151844579,bchalkbe@geocities.com,34,17,3197.94,true,TX,2021-09-16,981awy
Rosmunda Hutchcraft,3239821616,rhutchcraftbf@newyorker.com,79,23,3376.32,true,CA,2021-03-23,f8rglo
Dot Loukes,8048500247,dloukesbg@tripod.com,51,9,9703.04,true,VA,2021-06-05,pxyfxy
Filip McLaine,5159234194,fmclainebh@xing.com,,12,8245.87,true,IA,2021-09-03,twblxr
Hanny Culbert,6169682962,hculbertbi@mapy.cz,6,,4534.31,,MI,2021-05-31,syk8km
Amil Argue,4156564659,aarguebj@weebly.com,69,17,4804.69,true,CA,2021-09-10,fqo145
Bax Dahlen,6155735222,bdahlenbk@tuttocitta.it,18,29,735.65,true,TN,2021-04-27,i61b23
Martelle Sharpless,6266199870,msharplessbl@virginia.edu,79,25,7472.35,false,CA,2021-01-06,sotqwi
Merrili Braznell,3019133002,mbraznellbm@tripod.com,59,2,5768.52,true,MD,2021-04-15,jdtp7g
Abby Quarrell,9156019101,aquarrellbn@bloglovin.com,42,23,6103.82,true,,2021-09-10,2sbnf8
Milly Paslow,9045062997,mpaslowbo@icio.us,,7,7349.92,true,FL,2021-11-17,i1uypf
Audy Wyley,9167922006,awyleybp@cyberchimps.com,56,9,9937.13,false,CA,2021-11-02,2rf8dh
Milton Marriott,9043672441,mmarriottbq@altervista.org,59,29,2080.08,true,FL,2021-05-05,
Agnesse Jahn,2605899284,ajahnbr@angelfire.com,27,13,1668.4,false,IN,2021-07-02,
Iorgos Clipson,7131409897,iclipsonbs@msu.edu,16,25,6292.93,false,TX,2021-03-16,mfigq9
Sherman Fussie,2128990582,sfussiebt@economist.com,33,17,4293.79,false,NY,2021-12-09,em65v4
Jaquenetta Rosso,8062366323,jrossobu@posterous.com,54,27,8111.0,false,TX,2021-05-19,v448hh
Jennifer Paolini,5859993069,jpaolinibv@ustream.tv,,9,7516.7,false,,2021-10-22,zy7taz
Darci Mallender,6157982404,dmallenderbw@dedecms.com,62,17,1075.48,true,TN,2021-04-12,
Trixi Dreghorn,7185434793,tdreghornbx@ycombinator.com,46,25,2700.63,false,NY,2021-10-07,q23f27
Margarita Yankin,2133192518,myankinby@plala.or.jp,66,,5770.3,,CA,2021-04-26,
Lisle Shemmans,7131566338,lshemmansbz@trellian.com,79,21,1288.95,false,TX,2021-05-19,qsh9q9
Margie Rattenbury,7033683515,mrattenburyc0@usgs.gov,45,21,5072.43,true,VA,2021-01-17,dxk06u
Levin Flanne,9044132732,lflannec1@census.gov,72,24,7363.68,true,FL,2021-03-22,8ag92i
Anna-diana Duell,5042479856,aduellc2@admin.ch,53,28,8638.58,true,LA,2021-01-04,yseo83
Mohandis Jillings,3149421706,mjillingsc3@angelfire.com,19,15,3681.24,true,MO,2021-01-28,cjuekh
Prince Morkham,5121507420,pmorkhamc4@jiathis.com,90,1,642.21,false,TX,2021-01-13,0adim8
Carol-jean Hirschmann,5209998441,chirschmannc5@yolasite.com,60,13,91.56,true,AZ,2021-08-31,
Cornelle Wasiela,4083911485,cwasielac6@google.ca,42,18,8462.42,true,CA,2021-01-18,dvj5kc
Sacha Moggle,5593702119,smogglec7@istockphoto.com,54,12,1374.09,true,CA,2021-03-09,f91g1f
Gillan Foxton,3026603953,gfoxtonc8@xinhuanet.com,92,29,4918.11,true,DE,2021-10-23,6p1ymm
Annie Simmans,9541146277,asimmansc9@narod.ru,90,,3104.34,,FL,2021-07-31,aov7ra
Jan Parncutt,2038270034,jparncuttca@google.cn,52,16,6587.81,false,CT,2021-10-26,msqk5k
Esme Bardsley,8039750460,ebardsleycb@weebly.com,71,10,724.69,false,,2021-10-28,3605jd
Annamarie Izakovitz,3172409146,aizakovitzcc@hexun.com,30,25,4378.86,true,IN,2021-05-09,r1zgar
Baird Headington,5014299686,bheadingtoncd@about.com,27,25,6459.99,true,AR,2021-10-17,wcb3ux
Earl Dran,2136383114,edrance@naver.com,48,30,4172.77,false,CA,2021-08-18,ycjb5b
Pammie Copner,2025973363,pcopnercf@networksolutions.com,76,4,3486.89,false,DC,2021-07-21,
Fifi Dackombe,2252090163,fdackombecg@themeforest.net,4,7,2796.41,true,LA,2021-10-07,yv9gxe
Adler Haughian,5045902608,ahaughianch@skyrock.com,54,21,576.51,true,LA,2021-03-04,yr3h12
Cullan Limrick,3128081883,climrickci@histats.com,45,16,5926.98,false,IL,2021-03-08,dluigs
Rosanne Goundsy,6267092036,rgoundsycj@nps.gov,74,16,937.44,true,,2021-10-11,afh7a7
Ferrell Rudgley,2132435231,frudgleyck@howstuffworks.com,9,4,4540.44,true,CA,2021-09-15,qiremb
Halley Brumpton,4693269667,hbrumptoncl@pen.io,20,29,3477.35,false,TX,2021-12-06,2xu780
Kerwinn Parkhouse,6261310267,kparkhousecm@technorati.com,40,3,2279.88,false,CA,2021-01-17,ybcfnv
Ilise Ellerker,6158411761,iellerkercn@walmart.com,53,13,9332.8,false,TN,2021-11-22,9qfqka
Winifred Quant,3127985168,wquantco@cloudflare.com,46,5,884.27,true,,2021-07-23,uvx2y0
Garner Slowgrave,8184900305,gslowgravecp@deliciousdays.com,91,17,7482.12,false,CA,2021-03-26,pyr4qi
Kincaid Foulds,4145274644,kfouldscq@amazonaws.com,55,20,89.32,true,WI,2021-11-19,12f4lu
Demetre Alsopp,4434495086,dalsoppcr@sogou.com,32,19,5754.52,true,MD,2021-04-25,6ren4p
Jemmy Portt,8435207375,jporttcs@hud.gov,46,28,661.64,true,SC,2021-06-29,4e6ouk
Neda Froom,4159470073,nfroomct@slate.com,38,29,1919.14,false,CA,2021-01-12,tfohp7
Mac Schirok,3361023581,mschirokcu@google.com.au,47,12,6857.9,true,NC,2021-05-02,j9bukt
Harmony Cannings,2032514303,hcanningscv@elegantthemes.com,54,9,2710.33,false,CT,2021-08-14,u9wqgw
Barbee Dunsmore,8057859422,bdunsmorecw@geocities.jp,96,3,4675.66,true,CA,2021-05-21,chs1de
Brandy Watling,8476046807,bwatlingcx@purevolume.com,14,14,9433.35,false,IL,2021-09-17,u6qd4n
Aldous Roels,3107120986,aroelscy@bravesites.com,10,4,2829.79,false,CA,2021-08-05,ocjc06
Lotty Worsam,6173671643,lworsamcz@blogspot.com,94,10,1794.42,false,MA,2021-04-11,33yf5e
Enoch Shilladay,5162832285,eshilladayd0@hao123.com,72,14,2782.85,true,NY,2021-06-11,abrg6o
Fancy Caghan,9718243864,fcaghand1@symantec.com,86,26,806.95,true,OR,2021-12-17,
Seumas Lidgertwood,3103896709,slidgertwoodd2@acquirethisname.com,,7,,true,CA,2021-09-25,e0mfj7
Annice McKinnon,5083742627,amckinnond3@apache.org,3,5,4175.24,true,,2021-08-20,3rw3zg
Zebadiah Boldecke,2399238390,zboldecked4@zimbio.com,4,2,8268.13,true,FL,2021-10-11,165ymq
Celia Meffin,8477855966,cmeffind5@ebay.co.uk,66,18,7354.01,false,,2021-12-06,1b540x
Janelle Henkens,3175145678,jhenkensd6@examiner.com,3,22,8823.93,false,IN,2021-05-31,2v0y0u
Connor Muehle,6019920250,cmuehled7@hugedomains.com,26,1,3404.83,true,MS,2021-03-17,0gdci4
Leoine Legge,3103023437,llegged8@goo.gl,1,17,7057.5,false,CA,2021-10-12,9iftk8
Margi Wreak,5409075490,mwreakd9@a8.net,,26,5855.95,false,,2021-12-28,px85sz
Laurette Abrahamian,2399543482,labrahamianda@amazon.co.uk,97,13,2533.45,false,FL,2021-03-06,7h6ezv
Avivah Cottie,3308651951,acottiedb@cargocollective.com,52,18,5235.1,true,,2021-10-02,jst22e
Germain Matusovsky,2672727863,gmatusovskydc@buzzfeed.com,18,16,3559.68,false,PA,2021-01-12,a7jpvp
Gilbertina Junkinson,2104487341,gjunkinsondd@cocolog-nifty.com,31,21,6456.77,true,,2021-12-22,sx0sqj
Bay Matthias,3131883157,bmatthiasde@springer.com,56,27,3399.9,false,MI,2021-11-29,clhcnh
Hildegaard Magson,2029291384,hmagsondf@amazon.de,99,20,524.85,false,DC,2021-04-18,h5kczt
Ulysses Yanez,2604415698,uyanezdg@bandcamp.com,93,28,3161.91,true,,2021-07-05,7vxmwh
Rutger Boecke,8179221796,rboeckedh@imageshack.us,34,17,9801.0,true,TX,2021-09-04,1woizs
Leonanie Prince,8166402449,lprincedi@oakley.com,72,15,7747.68,false,MO,2021-08-21,p2sebt
Sophronia Lynock,4321799546,slynockdj@gov.uk,25,17,7234.79,true,TX,2021-02-12,5w3rf4
Cookie Howard - Gater,7026693993,chowarddk@alexa.com,68,21,840.3,false,NV,2021-01-21,
Miles Gitting,5632355637,mgittingdl@feedburner.com,90,18,5669.08,false,IA,2021-10-07,o6lgka
Rodolphe Holdworth,2564795325,rholdworthdm@altervista.org,36,15,8979.14,true,AL,2021-06-02,thorbo
Lorna Matoshin,8453965149,lmatoshindn@ft.com,62,15,9160.2,true,NY,2021-11-10,lnuw1z
Mehetabel Cantrill,6125094001,mcantrilldo@vistaprint.com,75,27,9795.4,true,MN,2021-08-02,othqu3
Cornelle Isham,2028453695,cishamdp@latimes.com,93,17,9183.06,false,DC,2021-08-07,2zvspu
Netta Friedenbach,5306981174,nfriedenbachdq@wikimedia.org,27,20,6204.81,false,CA,2021-03-23,wmv14v
Goldi Lenard,7185772859,glenarddr@loc.gov,79,28,6225.91,false,NY,2021-10-22,piy5et
Zachery Dawtrey,3176761322,zdawtreyds@miibeian.gov.cn,68,19,6448.9,true,IN,2021-02-07,
Karlotta Kabsch,2027410671,kkabschdt@furl.net,96,20,4174.49,true,DC,2021-01-03,cm7l6l
Lanie Wortman,5701249672,lwortmandu@biblegateway.com,60,3,3015.33,true,PA,2021-06-30,zluwma
Rena Tome,8012918929,rtomedv@irs.gov,93,25,7109.2,false,UT,2021-11-05,lmp2oo
Abrahan Goneau,7193792090,agoneaudw@accuweather.com,27,30,531.1,true,CO,2021-06-15,rmkmve
Ganny Tripe,3091338774,gtripedx@mtv.com,13,20,4235.59,false,IL,2021-02-12,9jdzqu
Onfre Bonfield,3237775079,obonfielddy@creativecommons.org,44,25,583.86,true,CA,2021-12-28,
Willa Penswick,3125111507,wpenswickdz@dmoz.org,,18,5484.41,true,IL,2021-12-28,pzfr7t
Gretta Casson,5024738852,gcassone0@usnews.com,95,20,3185.18,true,KY,2021-03-13,mw7baw
Tara McGaughie,7272065394,tmcgaughiee1@amazon.com,56,29,871.71,false,FL,2021-07-27,b4e54w
West Webberley,7183842355,wwebberleye2@usnews.com,8,5,3123.24,false,NY,2021-10-02,qwlhxt
Carson Poat,8088869276,cpoate3@amazon.de,42,30,7923.81,true,HI,2021-12-16,fw30em
Benedetto Fitchet,9014950787,bfitchete4@nsw.gov.au,61,23,860.38,true,TN,2021-10-10,kg4xjj
Dorolisa Purnell,2392727448,dpurnelle5@etsy.com,3,12,1929.27,false,FL,2021-01-30,fi95et
Karla Tredger,7572279909,ktredgere6@statcounter.com,64,1,2066.02,false,VA,2021-01-06,s24vcr
Donnell Acres,2084528751,dacrese7@latimes.com,40,3,2720.54,true,ID,2021-10-31,1s8x2s
Forster Danilovich,7168607226,fdaniloviche8@networkadvertising.org,19,19,3193.95,true,NY,2021-02-17,7f6tp8
Lenci Raubenheim,3521663360,lraubenheime9@ebay.co.uk,73,12,3399.94,false,FL,2021-10-24,4wxpyn
Constantin Voden,3049919885,cvodenea@mapy.cz,,25,,true,WV,2021-11-29,gciv9u
Dani Salthouse,8651834980,dsalthouseeb@comsenz.com,42,3,5943.06,false,TN,2021-09-28,7cgt6k
Berty Haquard,2024666292,bhaquardec@dot.gov,96,16,6011.55,false,DC,2021-05-10,sclsmc
Eve Arney,7819557509,earneyed@deliciousdays.com,61,22,842.89,true,MA,2021-03-05,
Haydon Sterland,8019251445,hsterlandee@dagondesign.com,35,,8241.16,,UT,2021-02-27,u3129s
Neale Goodburn,9415250062,ngoodburnef@feedburner.com,62,17,9916.18,true,FL,2021-09-08,a37q23
Marisa O'Dyvoy,7578113918,modyvoyeg@admin.ch,33,4,6618.0,true,VA,2021-08-24,iaunrz
Brittan Suddell,4053977183,bsuddelleh@homestead.com,49,8,6411.78,true,OK,2021-11-07,qi65eq
Lovell Parkins,8056228121,lparkinsei@illinois.edu,9,11,4068.36,true,CA,2021-03-16,5127tk
Waylen Cordie,9188336246,wcordieej@twitter.com,90,28,7871.02,true,OK,2021-12-12,qbfam7
Philippe O'Regan,2022767316,poreganek@usa.gov,54,6,,false,DC,2021-04-05,
Susan Wedmore.,4235085679,swedmoreel@china.com.cn,39,21,7351.88,false,TN,2021-12-12,10ah8m
Jaime Farreil,5049282593,jfarreilem@vk.com,93,11,865.99,true,,2021-06-26,cdgma7
Crosby Le Surf,6179869394,cleen@technorati.com,66,9,3491.88,false,MA,2021-11-12,2iqacv
Nikolas Silverstone,2104161137,nsilverstoneeo@eventbrite.com,90,,7221.94,,TX,2021-10-30,zpgvkh
Mitchel Dillaway,3182596100,mdillawayep@biblegateway.com,,27,3394.98,true,MA,2021-01-21,hmxbmw
Atlanta Pollok,9033097042,apollokeq@amazon.de,75,7,54.94,true,TX,2021-06-02,17gdt2
Gusti Grushin,8505347223,ggrushiner@amazon.co.jp,77,6,,false,FL,2021-03-30,xvswju
Almire Eatock,5737630134,aeatockes@cornell.edu,61,9,3685.49,true,MO,2021-02-26,aqmis8
Maynord Brunning,8124656948,mbrunninget@nba.com,85,20,2733.21,true,IN,2021-03-27,basme2
Orsola McLaverty,6124103664,omclavertyeu@weebly.com,76,11,6944.24,true,MN,2021-09-19,pusiby
Moshe Gliddon,5619085612,mgliddonev@reddit.com,57,19,1190.18,true,FL,2021-08-09,7o21n0
Fredrick Grishmanov,5086384118,fgrishmanovew@jimdo.com,,2,2262.36,false,MA,2021-04-17,fdh13k
Tory Rulten,9162607594,trultenex@diigo.com,89,14,8386.14,false,CA,2021-05-20,0finzj
Kevin Basset,2146532658,kbassetey@imdb.com,22,10,,true,TX,2021-01-05,8euezf
Anderson Gryglewski,2135131691,agryglewskiez@cargocollective.com,19,13,3804.1,false,CA,2021-11-17,jmam9c
Philipa Sillick,2065560678,psillickf0@rediff.com,81,,4375.45,,WA,2021-06-22,pbsd4w
Chip Silverton,2148136338,csilvertonf1@spotify.com,1,28,7829.01,true,TX,2021-04-13,c9dme9
Agatha Bail,2025418733,abailf2@statcounter.com,32,23,925.0,false,DC,2021-06-17,hg2ylp
Frasquito Bullar,6161168001,fbullarf3@nasa.gov,82,18,6922.18,true,MI,2021-10-02,1zf20p
Lynnett Kerner,9133378364,lkernerf4@ocn.ne.jp,26,12,9840.29,false,KS,2021-09-03,4zq5pf
Vivyanne Marushak,4156674331,vmarushakf5@kickstarter.com,83,27,103.83,true,,2021-11-24,9ueulg
Silvan Espy,8622058631,sespyf6@homestead.com,88,,467.82,,NJ,2021-10-09,nxi2oy
Ronnie Gavigan,2026737212,rgaviganf7@xrea.com,9,16,8426.13,true,DC,2021-09-14,l3ubvp
Caryn Betun,3059389133,cbetunf8@cbc.ca,42,26,2664.03,false,FL,2021-08-29,20b8f8
Kamillah MacCahey,5022877900,kmaccaheyf9@bluehost.com,98,19,3752.71,false,KY,2021-04-02,mvtnx2
Pippa Sidnall,2061710559,psidnallfa@google.co.uk,26,,4001.47,,WA,2021-04-16,
Arne Stanlock,2142954026,astanlockfb@wiley.com,71,6,4520.49,true,TX,2021-10-22,
Brigham Kornilov,3302788032,bkornilovfc@cam.ac.uk,65,12,1399.02,true,OH,2021-08-04,mpd35n
Husein Burnall,7167443545,hburnallfd@altervista.org,79,8,5054.09,false,NY,2021-12-28,jozsfh
Aloise Josham,9719014087,ajoshamfe@irs.gov,61,14,3787.38,false,OR,2021-07-22,6bdqlm
Harlene Wehden,7273242957,hwehdenff@flavors.me,33,9,2015.69,true,FL,2021-03-03,jfbm7g
Yoko Cutts,7137638399,ycuttsfg@ustream.tv,34,9,6155.04,true,TX,2021-03-12,00ytsc
Malchy Davidai,3364395323,mdavidaifh@google.de,73,,7267.01,,,2021-09-23,s6t6ct
Ashton Mash,4157779156,amashfi@w3.org,83,14,4407.89,true,CA,2021-04-06,b6vcdu
Dugald Izaac,7721647963,dizaacfj@dailymail.co.uk,22,2,2769.26,true,FL,2021-09-06,6i9xcw
Dewitt Halbard,3349479181,dhalbardfk@jalbum.net,19,6,2673.14,false,AL,2021-03-19,xb44zw
Delia Billingsley,3156262989,dbillingsleyfl@artisteer.com,10,4,1339.98,true,NY,2021-10-01,uovuxx
Linea Decourcy,9371509226,ldecourcyfm@yahoo.com,53,11,4782.77,true,OH,2021-08-17,tb2rm6
Gare Simacek,3034953808,gsimacekfn@unblog.fr,78,18,9313.23,false,CO,2021-06-22,p93bhr
Delcina Plowright,4789371847,dplowrightfo@scribd.com,56,2,5260.76,true,GA,2021-11-21,906ouj
Archibaldo Attewell,9012975855,aattewellfp@vimeo.com,10,14,5887.06,false,TN,2021-01-21,s761eu
Lyndsie Swindley,7069004859,lswindleyfq@flavors.me,5,15,3138.4,true,GA,2021-04-04,
Gertrude Sacher,3031933330,gsacherfr@cmu.edu,77,17,227.71,true,CO,2021-08-22,mfeupj
Claudie Lengthorn,2531196665,clengthornfs@si.edu,54,17,7142.94,true,WA,2021-06-05,ss2uy4
Joyce Jeannenet,9726481074,jjeannenetft@hhs.gov,40,20,6382.82,true,TX,2021-10-25,axozjv
Darryl Ewestace,8167108747,dewestacefu@statcounter.com,39,19,957.96,true,MO,2021-10-17,n4zdp8
Friederike Rolfo,6028923112,frolfofv@google.co.jp,52,27,8960.77,true,AZ,2021-12-21,tp6byg
Krissie Massey,3303477438,kmasseyfw@princeton.edu,4,15,5856.99,false,OH,2021-05-21,zemvl1
Garey Giraths,6127505875,ggirathsfx@globo.com,19,2,2992.54,false,MN,2021-02-17,lwpd0z
Sayre Innerstone,5101805982,sinnerstonefy@squidoo.com,86,3,8826.38,true,,2021-12-24,mzb8x7
Nerti McCombe,5046217960,nmccombefz@ox.ac.uk,22,11,5023.27,true,LA,2021-01-19,39z5b3
Heriberto Oleksinski,8088128369,holeksinskig0@csmonitor.com,24,19,5453.36,true,,2021-09-16,riamp8
Bailey Leeke,5186725852,bleekeg1@goo.ne.jp,93,17,1968.45,true,NY,2021-10-08,9tcfih
Rouvin Fforde,6031107801,rffordeg2@edublogs.org,64,23,654.86,true,NH,2021-07-31,ge2tp4
Whitney Volker,7601383296,wvolkerg3@eventbrite.com,10,26,9252.01,true,CA,2021-05-21,pg8g0x
Alessandro Errington,2105458831,aerringtong4@examiner.com,14,7,,true,,2021-01-15,wrr31j
Emyle Steers,2606453718,esteersg5@java.com,31,18,,true,IN,2021-06-25,z7df4t
Dulce Tyrie,7544426638,dtyrieg6@twitpic.com,72,11,5801.46,true,FL,2021-10-05,ljw3ur
Essa Nasey,8041274326,enaseyg7@amazon.com,73,25,3355.08,true,VA,2021-10-16,8z2tmp
Fancy Livings,6615426895,flivingsg8@europa.eu,78,28,6321.01,false,CA,2021-11-03,tjokmp
Terrance Cruse,5153258478,tcruseg9@bloglovin.com,9,21,5247.67,false,IA,2021-02-21,lyawgo
Jason Solan,5048582928,jsolanga@artisteer.com,44,24,512.95,true,LA,2021-08-16,
Dorene Dulen,6199822107,ddulengb@hhs.gov,12,8,7092.42,true,CA,2021-09-30,jx0m9k
Stanislas Doy,7601434073,sdoygc@opensource.org,13,11,,true,CA,2021-02-18,j9yppx
Caryl Thorwarth,4042275139,cthorwarthgd@cbslocal.com,34,24,5912.31,true,GA,2021-05-22,fcb6qe
Mariana Chewter,6021540365,mchewterge@washington.edu,61,14,5662.15,true,AZ,2021-08-04,nvmdyy
Karmen Jupe,8317219076,kjupegf@csmonitor.com,33,10,3061.96,true,CA,2021-02-08,hyhj2w
Burty Gurdon,2814441507,bgurdongg@wp.com,17,22,3980.04,true,TX,2021-12-31,uei78i
Jonie Gut,2038340145,jgutgh@behance.net,44,3,1041.61,true,CT,2021-02-12,h4gjs1
Anselm Judge,8471669315,ajudgegi@paypal.com,62,16,6381.03,true,IL,2021-04-08,yojm8g
Smitty Andreutti,5133768976,sandreuttigj@hhs.gov,96,19,2394.47,false,OH,2021-09-10,z4qv0f
Bernhard Duell,4237231207,bduellgk@geocities.com,60,16,7572.8,false,TN,2021-06-06,ccc9a6
Quincey Yaxley,8036179093,qyaxleygl@dmoz.org,36,14,7736.31,true,SC,2021-06-22,gk4v7l
Hasheem Schustl,3176893773,hschustlgm@angelfire.com,74,,9947.4,,IN,2021-12-02,k2e6ej
Alvera Sunner,4346226519,asunnergn@java.com,59,13,3525.0,false,VA,2021-06-16,6vdyzy
Mina Duthie,9722171909,mduthiego@woothemes.com,3,30,4726.72,true,TX,2021-10-10,wi1go8
Sarette Scrane,8047270348,sscranegp@mayoclinic.com,86,4,9120.61,false,VA,2021-02-29,xku6ir
Zackariah Webburn,7865619621,zwebburngq@jugem.jp,97,10,3137.36,false,FL,2021-01-26,y2prw7
Dian Praundlin,3058867549,dpraundlingr@google.cn,45,28,5117.53,false,FL,2021-10-01,
Devi McGeown,9737076398,dmcgeowngs@csmonitor.com,76,22,3750.52,true,NJ,2021-06-08,4ifkrq
Coraline Pendry,2124573993,cpendrygt@thetimes.co.uk,98,25,9152.09,true,,2021-11-18,tsnlh1
Emmaline Carrel,9377720420,ecarrelgu@netscape.com,15,13,2569.09,true,OH,2021-10-20,35hs8g
Natalee McEntegart,2028360949,nmcentegartgv@rediff.com,78,24,8808.33,true,DC,2021-01-29,7wgxya
Larisa Seebert,2532536884,lseebertgw@gizmodo.com,92,14,2439.91,true,WA,2021-02-07,pm3b47
Maggee Maes,5175357316,mmaesgx@berkeley.edu,38,29,1031.8,false,MI,2021-03-27,
Fallon Bagshawe,2394064746,fbagshawegy@nps.gov,38,28,3437.17,true,FL,2021-08-13,elpjpi
Selia Filisov,6822614796,sfilisovgz@google.de,53,14,,true,TX,2021-03-08,
Waverly Beatson,7249875308,wbeatsonh0@netlog.com,80,12,189.84,true,PA,2021-09-23,gr0ypq
Lorena Cheyenne,3864988732,lcheyenneh1@scribd.com,49,16,1259.28,false,FL,2021-07-07,
Kellyann McKeurton,7174152106,kmckeurtonh2@networksolutions.com,88,3,6412.12,false,PA,2021-02-08,9tsqjs
Sapphira Grishagin,2408458868,sgrishaginh3@nasa.gov,5,1,1236.41,false,MD,2021-09-17,85m8an
Alano Enrich,2028650218,aenrichh4@dedecms.com,28,14,7676.06,false,DC,2021-12-18,bia1h8
June McAleese,8189210797,jmcaleeseh5@wordpress.com,75,6,4493.49,false,CA,2021-01-09,92co6h
Courtnay Taveriner,7136743921,ctaverinerh6@mac.com,42,7,9691.46,true,TX,2021-09-14,hxb717
Seka Anlay,8645551970,sanlayh7@symantec.com,34,29,7087.71,false,SC,2021-03-22,i5p39b
Johny Loude,3102864121,jloudeh8@washington.edu,72,10,,true,CA,2021-08-16,vj2777
Jarvis O'Cannavan,5018928790,jocannavanh9@huffingtonpost.com,76,6,8854.23,true,AR,2021-09-05,ooe0r3
Tally Rapkins,5596848678,trapkinsha@jugem.jp,27,3,1915.52,true,CA,2021-04-19,i0uulc
Kakalina Rookes,5169289509,krookeshb@github.io,87,4,6294.88,false,NY,2021-07-27,3pnfvn
Alford Bake,2172244011,abakehc@altervista.org,91,23,7542.13,false,,2021-10-30,mjt56s
Thaddeus McNelis,2148280785,tmcnelishd@mit.edu,20,1,8823.1,false,TX,2021-04-20,cyp4kg
Niels Alanbrooke,9193827798,nalanbrookehe@go.com,71,8,2107.03,true,NC,2021-05-19,9vrqnt
Jacklin Hartgill,8039971221,jhartgillhf@vinaora.com,40,23,2657.13,false,SC,2021-12-31,cux2fc
Briant Trippitt,5036353860,btrippitthg@dropbox.com,98,22,5839.19,true,OR,2021-02-20,ti887g
Bentley Mildner,9139633790,bmildnerhh@smh.com.au,80,10,9553.15,true,,2021-09-27,9b08fo
Thor Stout,4079712898,tstouthi@rambler.ru,13,17,2315.67,true,,2021-08-10,
Dex Byng,2143301486,dbynghj@hexun.com,20,6,6262.67,false,TX,2021-12-31,
Cobby Chrisp,2128792436,cchrisphk@zdnet.com,36,29,9976.84,true,NY,2021-03-23,abcxcp
Esteban Geraldi,4255327773,egeraldihl@pen.io,1,,1184.47,,WA,2021-02-27,yphn3g
Tripp Edgett,2676643327,tedgetthm@theguardian.com,20,2,2912.74,true,PA,2021-08-16,ioq85h
Thelma Giovannini,9048844108,tgiovanninihn@t.co,69,13,3513.07,true,FL,2021-10-02,vi3tx9
Fidelia Fasset,7131641196,ffassetho@ifeng.com,49,28,376.65,false,TX,2021-09-01,caoxst
Jefferey Coulthard,2058286786,jcoulthardhp@artisteer.com,3,25,1629.11,true,AL,2021-08-06,zzecbr
Dorothea Robathon,2393134460,drobathonhq@time.com,25,7,8366.07,false,FL,2021-11-01,
Manda O'Leagham,6195440035,moleaghamhr@nytimes.com,40,24,6387.05,false,,2021-12-02,xqr87d
Siobhan Softley,5737125233,ssoftleyhs@youtu.be,14,19,4306.76,true,,2021-10-25,bg4u7f
Myrlene Spurrier,6508867064,mspurrierht@flavors.me,86,30,2912.05,false,CA,2021-11-06,rr3n6c
Blayne Elsmor,3149511159,belsmorhu@irs.gov,1,18,9677.32,false,MO,2021-09-26,moxve3
Pierre Conquer,9046282842,pconquerhv@artisteer.com,34,22,785.45,true,FL,2021-04-13,ygcls3
Almire Cambell,2159556264,acambellhw@mozilla.org,,13,353.09,true,PA,2021-05-20,4h45qr
Dal Sagrott,8018171575,dsagrotthx@answers.com,90,3,8485.85,false,UT,2021-12-22,jn1gk9
Kingsly Noirel,4054989967,knoirelhy@wired.com,46,9,8269.09,true,OK,2021-11-13,xzc4gn
Consalve Schimmang,4021459772,cschimmanghz@toplist.cz,30,15,3646.28,false,NE,2021-09-05,pnmbzo
Antonia Juarez,6263858483,ajuarezi0@blinklist.com,49,11,7460.75,true,CA,2021-12-27,r8locx
Eden Daysh,8592417024,edayshi1@artisteer.com,78,19,401.1,true,KY,2021-01-01,1xcluo
Adora Nancekivell,2561036997,anancekivelli2@samsung.com,99,12,2407.44,false,AL,2021-04-05,wa27ws
Kenon Honack,2127795768,khonacki3@ox.ac.uk,22,26,5802.55,false,NY,2021-06-28,vax63b
Bernadene Callar,6615955038,bcallari4@sogou.com,75,17,149.2,false,CA,2021-05-14,iblkv1
Garth Alekseicik,2058960164,galekseiciki5@hp.com,97,15,1794.78,true,AL,2021-08-13,moweo8
Griffin Goodbar,5036147434,ggoodbari6@aboutads.info,21,9,9755.39,true,,2021-07-19,mhd6fa
Jacinda Moyle,5597315230,jmoylei7@pen.io,56,15,6362.45,true,CA,2021-10-10,no9jio
Gram Storrie,9097589043,gstorriei8@tinypic.com,8,,8095.87,,CA,2021-03-23,5rdgvu
Sky Pudding,9019899069,spuddingi9@youku.com,75,11,1717.85,true,TN,2021-06-26,inidpu
Agosto Skeene,4797124676,askeeneia@rambler.ru,68,18,7591.07,true,AR,2021-10-03,c0i9zq
Lilith Aingel,3602560401,laingelib@dailymail.co.uk,31,15,6040.65,false,WA,2021-05-08,2zjopz
Bria Peres,8644866559,bperesic@miibeian.gov.cn,9,20,8288.57,true,SC,2021-05-09,
Celeste Bleasby,4153266432,cbleasbyid@miibeian.gov.cn,80,8,5280.17,true,,2021-07-08,emmscw
Theodore Dolphin,2149747373,tdolphinie@sciencedaily.com,94,14,7291.26,false,TX,2021-02-02,c7ezw8
Carri Poles,9044504442,cpolesif@google.com.br,37,29,,true,FL,2021-11-01,
Hilly Gillson,9512697453,hgillsonig@redcross.org,13,2,6317.33,false,CA,2021-05-26,x2l15c
Lou Beeres,3363672093,lbeeresih@seesaa.net,78,9,8911.09,true,NC,2021-12-13,wzg13k
Aurel Wooderson,5152888099,awoodersonii@mapy.cz,61,27,7559.43,true,IA,2021-04-03,tjgmte
Townsend Muneely,3128071777,tmuneelyij@pinterest.com,80,18,9598.71,true,IL,2021-04-06,q09e39
Oralle Mattinson,4435538330,omattinsonik@so-net.ne.jp,92,,6769.23,,MD,2021-05-14,ez8usv
Pris Harner,3123577198,pharneril@buzzfeed.com,41,,4130.64,,,2021-05-14,fmdkoe
Richmond Romayne,3035170261,rromayneim@msn.com,71,25,1488.71,true,CO,2021-04-17,f74lpc
Kally Matusov,3145625674,kmatusovin@scribd.com,40,7,1108.91,true,MO,2021-10-12,8w4i1d
Nonna Breache,4078167686,nbreacheio@tinypic.com,1,9,1761.34,false,FL,2021-11-12,1533sl
Trever Glawsop,8636102941,tglawsopip@weibo.com,97,26,4720.04,true,FL,2021-07-11,rewm2x
Donia Sorton,5175735557,dsortoniq@mysql.com,50,22,9884.04,false,MI,2021-05-18,hl793l
Jed Malitrott,2391292318,jmalitrottir@latimes.com,37,1,7621.15,false,FL,2021-02-08,9cvuj9
Dayna Crawley,5128645816,dcrawleyis@163.com,50,30,2663.68,false,,2021-10-15,fd35kr
Willey Happert,8084525307,whappertit@stanford.edu,22,18,1909.9,false,HI,2021-02-18,6oxmct
Rickie Minnis,6789266283,rminnisiu@fc2.com,70,14,2783.04,false,GA,2021-07-01,lcxq8v
Harper Jocelyn,3477846605,hjocelyniv@cloudflare.com,19,8,9134.4,true,NY,2021-05-07,mxkfme
Julina Creswell,8592505730,jcreswelliw@xinhuanet.com,81,8,7822.78,false,,2021-11-12,foe5av
Rubina Rosbotham,5205427058,rrosbothamix@answers.com,32,27,2579.13,true,AZ,2021-05-28,o8si6d
Shanie Probyn,2152443492,sprobyniy@wiley.com,67,24,1713.5,false,PA,2021-08-10,zigeil
Wilburt Abdy,4148799216,wabdyiz@ebay.co.uk,67,13,366.64,true,WI,2021-10-11,
Gabi Madoc-Jones,7739542629,gmadocjonesj0@smh.com.au,39,21,481.86,true,IL,2021-06-02,uftgnp
Rozella Welberry,2021873219,rwelberryj1@zdnet.com,20,30,7691.21,true,DC,2021-07-04,
Rana Oliphand,5718266706,roliphandj2@globo.com,7,29,4015.9,true,,2021-01-01,0kxvvg
Crin Verrill,5719323433,cverrillj3@naver.com,19,11,9143.11,false,VA,2021-05-28,cxnfb9
Shannah Bes,7169880440,sbesj4@friendfeed.com,86,3,8619.78,false,NY,2021-02-10,8cv3p8
Rip Maidstone,7861612157,rmaidstonej5@elpais.com,56,2,2836.28,true,FL,2021-05-03,3vxysv
Aaron Snelson,2142614757,asnelsonj6@theglobeandmail.com,66,11,2821.91,false,TX,2021-09-21,wy9dxr
Jenine Astell,3236564349,jastellj7@microsoft.com,74,19,1970.63,false,,2021-04-15,
Kristi Juanico,2029763339,kjuanicoj8@spotify.com,99,7,9034.75,false,DC,2021-04-06,89qjeg
Sibilla Enbury,3053539793,senburyj9@dot.gov,90,26,1542.18,true,FL,2021-02-10,o260am
Augy Romme,9517043985,arommeja@cocolog-nifty.com,68,25,6186.86,true,CA,2021-09-28,f382a3
Loise Hurst,8589924208,lhurstjb@ca.gov,28,8,4253.84,true,CA,2021-10-22,0qs47c
Kym Meininger,5153188221,kmeiningerjc@wikispaces.com,84,,3084.05,,IA,2021-10-20,irku89
Tobias Josey,9158184296,tjoseyjd@tinypic.com,46,1,6321.93,true,TX,2021-09-26,l6ld9s
Osbourne Langwade,3131410407,olangwadeje@narod.ru,,5,2780.92,true,MI,2021-12-22,xge7ko
Alexei Lambeth,9096909966,alambethjf@digg.com,19,30,5938.93,true,CA,2021-02-02,t41cx5
Cynthy Peppin,3156074472,cpeppinjg@typepad.com,85,15,9889.52,false,NY,2021-02-08,
Ody Blythe,2567786938,oblythejh@walmart.com,8,26,9257.24,true,AL,2021-09-14,wawgwe
Adriaens Falloon,3477054290,afalloonji@symantec.com,5,24,2427.75,false,NY,2021-10-16,wpp7vw
Tawnya Belward,5701667342,tbelwardjj@domainmarket.com,47,23,2480.07,true,PA,2021-04-18,hucy23
Jard Vicker,5153428610,jvickerjk@yellowbook.com,53,9,8409.74,true,IA,2021-09-21,y9p30h
Orrin McHugh,4327794088,omchughjl@ovh.net,57,12,4202.63,true,TX,2021-02-07,ufhmcp
Elia Murr,5011458909,emurrjm@paypal.com,91,18,6971.65,true,AR,2021-03-17,hgodtw
Winna Caughey,3231024880,wcaugheyjn@bravesites.com,21,12,8038.06,true,CA,2021-06-03,0s9yst
Pavla Yarnold,2141971567,pyarnoldjo@dedecms.com,94,19,4203.11,false,TX,2021-09-28,pd5741
Sara Greeveson,2127619768,sgreevesonjp@multiply.com,34,16,8090.44,false,NY,2021-04-26,5yudfp
Josi Kiln,5717004176,jkilnjq@youtube.com,40,10,3105.82,true,VA,2021-03-10,dg0kyl
Carlita Russam,2484714700,crussamjr@mozilla.org,4,14,8968.9,false,MI,2021-02-08,dimei8
Alphard Fincher,2028398656,afincherjs@netscape.com,100,24,8523.22,true,DC,2021-02-14,
Jackelyn Barzen,9372292563,jbarzenjt@com.com,83,12,1794.85,false,,2021-02-14,dnimnc
Nalani Danigel,4129104609,ndanigelju@people.com.cn,46,26,5813.28,false,PA,2021-11-03,touzas
Reggie Spottiswood,2023094789,rspottiswoodjv@uol.com.br,,17,536.14,false,DC,2021-01-08,bxhhpz
Raquela Merrison,5138821665,rmerrisonjw@jiathis.com,98,26,1308.15,true,OH,2021-04-17,w9ixw5
Carolina Sporner,8621185079,cspornerjx@360.cn,36,6,6034.77,true,NJ,2021-03-22,cmv0pe
Riki Ivasechko,7201676360,rivasechkojy@example.com,51,6,461.99,true,,2021-03-13,2l0ijx
Ramona Bosley,8141229467,rbosleyjz@vkontakte.ru,18,1,8857.67,false,PA,2021-03-10,
Alfy Guilbert,4406183430,aguilbertk0@xinhuanet.com,100,18,4541.7,true,OH,2021-10-02,
Ichabod Bascombe,5132123076,ibascombek1@networkadvertising.org,78,17,2053.88,true,OH,2021-05-26,1kxtnn
Hogan Petranek,3255753710,hpetranekk2@intel.com,27,6,5333.84,true,TX,2021-02-27,oo57kc
Paddy Filby,4072096481,pfilbyk3@statcounter.com,13,5,1077.78,true,FL,2021-03-14,spl2gf
Rochette Tombling,7041480140,rtomblingk4@unblog.fr,81,15,9982.5,false,NC,2021-04-23,
Antonina Pavlasek,4055896217,apavlasekk5@washingtonpost.com,79,17,6271.58,false,OK,2021-11-16,flas5j
Yvor Oloman,4808005206,yolomank6@de.vu,26,17,2052.04,false,AZ,2021-03-18,wokdlt
Benn Pannett,8175014649,bpannettk7@feedburner.com,9,11,6280.86,false,TX,2021-11-01,irvtzv
Ardyth Mersey,5719014757,amerseyk8@yelp.com,19,13,3526.66,false,VA,2021-03-26,dir9zv
Gwenora Pauncefort,8127929938,gpauncefortk9@nhs.uk,77,2,6984.34,false,IN,2021-05-31,ydzao4
Sofia Georgot,5403768753,sgeorgotka@kickstarter.com,47,15,7841.04,false,VA,2021-08-25,f7bq5v
Micheil Prangle,9016554902,mpranglekb@geocities.jp,67,7,645.29,true,TN,2021-05-06,trht4m
Gwenny Hachette,9048767724,ghachettekc@mysql.com,1,24,5853.67,false,FL,2021-06-01,8mmth8
Izak Lere,8507135671,ilerekd@cafepress.com,31,21,1418.52,true,FL,2021-02-20,nahu0l
Edan Jekel,3126954164,ejekelke@independent.co.uk,20,12,2596.18,false,IL,2021-05-31,0dhksd
Christos Mewburn,3618813250,cmewburnkf@msn.com,68,19,2536.64,false,TX,2021-12-06,7img96
Dew Fritchley,6826122155,dfritchleykg@51.la,13,2,7131.36,true,,2021-01-20,wablsa
Sephira Clarycott,3369826960,sclarycottkh@youku.com,66,,7910.44,,,2021-09-07,mrozqp
Neel Ugo,9373672895,nugoki@tmall.com,50,9,9661.72,false,OH,2021-07-28,sv1onn
Jens Brouwer,2606703433,jbrouwerkj@macromedia.com,83,9,1433.22,false,IN,2021-02-08,pmcidm
Kennett Drew-Clifton,8324269361,kdrewcliftonkk@scribd.com,92,20,287.18,false,,2021-09-28,h3ncih
Kathi Sidary,4072134320,ksidarykl@nhs.uk,76,22,4682.28,true,FL,2021-10-11,be841t
Ginnie Wiltshier,2106560852,gwiltshierkm@businessweek.com,95,,3383.1,,TX,2021-08-08,04w7rx
Dimitri Aubrun,7865673572,daubrunkn@globo.com,41,27,3787.5,true,FL,2021-09-03,89pjxj
Ellyn Rodson,3155069752,erodsonko@gmpg.org,31,6,631.22,true,NY,2021-10-22,dkq781
Dianne Vedstra,2671088826,dvedstrakp@google.pl,54,7,4405.04,true,PA,2021-11-19,nadu34
Margarethe Sertin,3349717350,msertinkq@jiathis.com,8,15,6545.19,false,AL,2021-05-02,0ezgsz
Noami Naldrett,3341662884,nnaldrettkr@cbc.ca,44,8,7195.06,true,AL,2021-09-16,fb0xzh
Rea Blamphin,4046900575,rblamphinks@thetimes.co.uk,76,30,655.35,true,GA,2021-03-03,lnz613
Mellicent Grebert,8175311851,mgrebertkt@wordpress.org,52,30,3720.04,true,TX,2021-06-25,l4byn7
Tremayne Beckers,7025972714,tbeckersku@mit.edu,59,17,2924.95,true,NV,2021-12-24,
Gaye Cordobes,2143799647,gcordobeskv@intel.com,76,2,7616.44,false,TX,2021-03-07,
Zarah Kelland,8133066520,zkellandkw@goo.ne.jp,71,18,1391.14,true,FL,2021-10-28,vp1ch0
Wood Jantzen,2545454640,wjantzenkx@rambler.ru,52,12,5978.33,true,TX,2021-02-12,f8rqvf
Bridie Pixton,9169865975,bpixtonky@cnbc.com,65,7,8802.16,false,,2021-03-09,nqu71t
Jocelin Lingwood,9174383751,jlingwoodkz@comcast.net,86,12,3474.76,true,NY,2021-05-16,ykryeq
Cortie Fordyce,2255059109,cfordycel0@archive.org,90,27,9827.91,true,LA,2021-02-07,gl7skg
Rhody Revell,3034419884,rrevelll1@networkadvertising.org,65,8,614.28,true,,2021-01-23,2302qv
Westley Dearnly,2406445151,wdearnlyl2@dedecms.com,,8,9893.21,true,MD,2021-10-14,0igiwm
Eustacia De la Eglise,7858225448,edel3@wikipedia.org,98,15,9992.54,false,KS,2021-07-05,z1ocaj
Trip Jerrolt,5409066262,tjerroltl4@trellian.com,32,,6046.63,,VA,2021-01-21,xc898j
Rolph Stranio,9407928342,rstraniol5@zimbio.com,87,,7324.58,,TX,2021-02-03,2s609x
Peta Matteacci,3302283621,pmatteaccil6@technorati.com,46,28,9214.06,false,OH,2021-08-21,uigpkk
Dianne Beaton,2392103845,dbeatonl7@discovery.com,36,23,7302.57,false,FL,2021-11-26,li5bz3
Ariana Corn,4143248594,acornl8@hao123.com,74,3,5809.32,false,WI,2021-05-23,a74214
Dasie Landells,8608008394,dlandellsl9@friendfeed.com,8,4,3033.36,false,CT,2021-07-10,5g1crb
Ogden Mattiacci,3307160950,omattiaccila@wsj.com,49,3,1767.01,true,OH,2021-12-01,vopojz
Keelia Barnewell,5081153512,kbarnewelllb@sina.com.cn,87,14,4075.9,true,MA,2021-08-16,w9j1im
Norrie Cowterd,5132196642,ncowterdlc@hatena.ne.jp,11,15,676.68,true,OH,2021-05-25,dsgvir
Maynord Berget,3179819993,mbergetld@jimdo.com,75,28,6092.77,false,IN,2021-10-03,
Theodore Woollons,9091090939,twoollonsle@nhs.uk,59,19,8070.71,true,CA,2021-07-25,
Hazlett Foyston,5165549486,hfoystonlf@ocn.ne.jp,93,7,9382.89,false,NY,2021-03-02,
Laura Quincee,8187030864,lquinceelg@instagram.com,,13,9434.54,true,CA,2021-05-18,rlyelc
Morgen Whittock,9157243921,mwhittocklh@ca.gov,66,29,2199.99,false,TX,2021-03-22,zwsaww
Quinlan Prew,5624283173,qprewli@samsung.com,29,17,8155.27,true,CA,2021-11-30,9zn78b
Rhianna Woodison,6167978277,rwoodisonlj@storify.com,69,15,137.6,true,MI,2021-03-07,9euaa7
Bevin De Biasio,2105504355,bdelk@dell.com,92,10,8064.22,false,TX,2021-10-17,clryl9
Berke Woodwing,7728453377,bwoodwingll@reddit.com,53,18,7397.52,true,FL,2021-08-06,5bc6su
Elyse Melbury,3101681146,emelburylm@booking.com,74,19,893.45,false,CA,2021-10-17,rthzyr
Eachelle Neggrini,5041462370,eneggriniln@boston.com,2,4,4948.46,false,LA,2021-11-02,nqnfsd
Jillie Glaysher,8052247557,jglaysherlo@flavors.me,42,23,8009.76,false,CA,2021-09-27,5l7hr5
Krystal Cicchillo,6155115136,kcicchillolp@businessweek.com,70,24,8464.77,true,TN,2021-03-25,nwxowp
Nanine Coey,2143858136,ncoeylq@cmu.edu,65,27,6246.23,false,TX,2021-05-28,0dkmmn
Belle Gilardoni,6029988251,bgilardonilr@e-recht24.de,96,8,,true,AZ,2021-11-17,lzr2k3
Martha Astin,8069138005,mastinls@paypal.com,85,28,2697.6,false,TX,2021-05-10,8mdwx1
Angelle Conisbee,6183558356,aconisbeelt@reddit.com,25,6,4928.69,true,IL,2021-01-29,z1xoi2
Lida Maxfield,9048091945,lmaxfieldlu@state.tx.us,100,7,8247.13,true,FL,2021-04-10,
Den Villar,7208392438,dvillarlv@virginia.edu,89,28,6047.74,true,CO,2021-07-30,fatz0t
Ossie Djurdjevic,4237212247,odjurdjeviclw@shop-pro.jp,59,18,560.6,true,TN,2021-05-05,1ne5sj
Zelda Counsell,6028715621,zcounselllx@alexa.com,46,20,5785.07,false,AZ,2021-01-03,3zo618
Monti Tellenbrok,2136072376,mtellenbrokly@walmart.com,56,13,1317.54,true,CA,2021-12-06,4mizu9
Elisha Oller,9073607119,eollerlz@reference.com,7,2,2875.12,true,AK,2021-06-30,1zoa3x
Giorgia Langeren,4133686316,glangerenm0@oakley.com,52,14,946.52,true,MA,2021-07-09,l5wc1k
Mitchel Wheeldon,8041306708,mwheeldonm1@vinaora.com,69,4,9076.92,false,VA,2021-01-03,d4b1fn
Marjorie Ingrem,5404580669,mingremm2@dyndns.org,30,17,4750.08,false,VA,2021-01-07,kez4wf
Cart Cunio,9166438838,ccuniom3@deliciousdays.com,79,5,3686.3,false,CA,2021-01-12,
Viv Cornbill,9178392455,vcornbillm4@bloglines.com,40,25,4223.03,false,NY,2021-02-06,tryxwz
Abagael Oboy,6153922873,aoboym5@ocn.ne.jp,20,20,9175.12,true,TN,2021-12-01,iytpxz
Karena Delnevo,6146515057,kdelnevom6@mapquest.com,31,5,5725.22,true,OH,2021-06-25,
Marv Arens,6022554400,marensm7@ycombinator.com,89,25,961.9,false,AZ,2021-04-14,
Katina Iacovaccio,8154247390,kiacovacciom8@elegantthemes.com,62,29,4544.48,false,IL,2021-08-10,h1kvvm
Albrecht Hupe,3185240258,ahupem9@dedecms.com,51,13,4161.6,false,LA,2021-10-26,pwsk6v
Nolana Ayshford,2037855417,nayshfordma@yale.edu,97,13,5528.13,true,CT,2021-11-06,sm8y9o
Norry Hawkshaw,6158129292,nhawkshawmb@sakura.ne.jp,49,12,4695.0,true,TN,2021-12-19,
Livy Konke,7209628583,lkonkemc@instagram.com,21,14,7418.42,false,CO,2021-12-24,e98wn4
Gerome Cuffley,6144178516,gcuffleymd@hud.gov,,10,2385.62,true,OH,2021-07-31,hp9g7q
Fancy Trippitt,4062701052,ftrippittme@lycos.com,100,12,9324.47,false,MT,2021-09-03,lmrs25
Jillana Groucutt,3149896182,jgroucuttmf@parallels.com,24,22,4736.31,false,MO,2021-02-18,q0cd59
Deva Heggman,2052953420,dheggmanmg@twitpic.com,93,30,6913.86,false,AL,2021-04-08,hta67q
Scarface Barniss,4072772492,sbarnissmh@yellowpages.com,25,24,6104.27,false,FL,2021-12-06,1lnfvl
Serge McOmish,8031878117,smcomishmi@so-net.ne.jp,40,13,9974.86,true,SC,2021-06-10,f7vx5s
Katlin Casey,2157735900,kcaseymj@live.com,36,5,5401.92,true,PA,2021-05-26,4u5exi
Suzanne Swepson,7272377187,sswepsonmk@feedburner.com,24,1,2798.24,true,FL,2021-09-10,tj8e2n
Bevon Anton,9039569365,bantonml@nationalgeographic.com,11,15,3111.57,false,,2021-09-21,vzmwzb
Alane Papes,6085944044,apapesmm@alexa.com,69,,4342.78,,WI,2021-10-30,c0281r
Jeniffer Ammer,4259454753,jammermn@ucoz.com,52,21,9455.9,false,WA,2021-10-28,o6temi
Budd Hurran,6107105163,bhurranmo@ebay.co.uk,84,17,3431.12,true,PA,2021-03-17,sqgsav
Karlotta Allatt,3147104227,kallattmp@wiley.com,61,17,8783.6,true,MO,2021-04-02,xi7eb4
Daveta Sodor,4153171089,dsodormq@dell.com,87,18,3517.7,true,CA,2021-12-27,74eylh
Kylen Abrahamoff,2125138957,kabrahamoffmr@globo.com,58,14,918.33,false,NY,2021-12-19,lmtp6b
Corette Rosenwasser,9172100826,crosenwasserms@taobao.com,93,,434.29,,NY,2021-09-05,swhpd4
Nicky Robottham,4145031306,nrobotthammt@pen.io,82,19,8786.95,true,WI,2021-08-18,hhmq10
Jonie Cohane,8055710494,jcohanemu@shop-pro.jp,8,9,280.96,false,CA,2021-01-23,1umr9n
Nonnah Sakins,8082472001,nsakinsmv@wufoo.com,55,3,6584.84,false,,2021-02-17,9nx002
Malissa Carabine,3019924028,mcarabinemw@cnbc.com,,19,8919.86,true,MD,2021-04-03,
Jodie Pyburn,7142798364,jpyburnmx@hp.com,54,28,2015.27,false,CA,2021-01-11,r2b0b4
Lotta M'Barron,5012706177,lmbarronmy@wordpress.com,32,30,7504.49,true,AR,2021-12-16,g9tis9
Leodora Shird,2812681679,lshirdmz@clickbank.net,42,18,3184.91,false,TX,2021-12-13,3a4ko4
Idell McGown,5134806709,imcgownn0@mashable.com,55,25,7210.19,true,OH,2021-06-28,7q1i0o
Rustie Pentycost,2062971405,rpentycostn1@globo.com,13,23,,true,,2021-02-16,edei2w
Donielle Gianiello,4041832571,dgianiellon2@wiley.com,58,23,9903.88,false,GA,2021-01-14,14geya
Hunter Pigrome,8043373635,hpigromen3@godaddy.com,40,13,,false,VA,2021-02-24,bris32
Bobbe Santo,8185574107,bsanton4@mapquest.com,39,13,892.93,false,CA,2021-08-11,55ryjg
Valeda Olland,3145225115,vollandn5@slashdot.org,7,28,,true,MO,2021-04-18,
Athene Faichnie,9899353018,afaichnien6@github.com,80,8,2654.62,false,MI,2021-04-13,dailcn
Perl Ottosen,3156043168,pottosenn7@wufoo.com,,19,2171.73,true,NY,2021-03-20,iqqj0x
Colan O' Gara,6028389699,con8@dot.gov,14,10,3908.82,false,AZ,2021-10-13,lt58ur
Lorita Extill,3231566285,lextilln9@engadget.com,60,6,4306.3,false,CA,2021-10-03,8qxwoe
Ad Carayol,8602682981,acarayolna@virginia.edu,73,30,8036.6,true,,2021-02-14,ruixcp
Barris Rorke,3052440936,brorkenb@youku.com,51,19,6135.31,false,FL,2021-12-09,
Lou Critoph,4101082711,lcritophnc@yolasite.com,91,,7289.12,,MD,2021-07-24,
Allister Choak,8437591701,achoaknd@skyrock.com,45,10,7267.47,true,SC,2021-10-20,
Frederica Lawfull,8167579634,flawfullne@biblegateway.com,89,12,6015.32,true,MO,2021-03-09,8pep2k
Ivonne Danet,2609505645,idanetnf@google.com.au,27,19,6204.87,true,IN,2021-04-26,2bwy9d
Gradeigh Bilt,9163911544,gbiltng@soundcloud.com,75,15,7889.27,false,CA,2021-01-28,ua57of
Kennie Aps,5184729129,kapsnh@jigsy.com,46,25,4625.39,false,NY,2021-06-13,uk8jx6
Alyss Charrette,5051326214,acharretteni@census.gov,32,19,8879.94,false,NM,2021-09-22,yyzbvy
Ashia Eadmeades,5154216561,aeadmeadesnj@jugem.jp,90,14,3196.15,false,IA,2021-12-06,ngjbq4
Pepillo Gwillim,2125446517,pgwillimnk@mozilla.org,95,19,8977.73,true,NY,2021-12-17,344epi
Mead Shepton,7865355413,msheptonnl@google.pl,62,21,6505.31,false,FL,2021-01-28,8axmce
Lina McLauchlin,5082408254,lmclauchlinnm@tinyurl.com,15,25,9820.97,true,MA,2021-08-15,rk7c3o
Alis Richards,3049959118,arichardsnn@privacy.gov.au,100,11,1700.96,false,WV,2021-11-21,qhsd8q
Millisent Landsbury,9151635661,mlandsburyno@tripadvisor.com,81,25,9414.38,false,TX,2021-03-10,xaewdb
Betsy Shapcote,9036995739,bshapcotenp@myspace.com,41,11,9019.79,true,TX,2021-05-28,hvek38
Obidiah Swain,2534952511,oswainnq@scribd.com,41,8,6213.41,true,WA,2021-02-05,gf9288
Had Olivie,3521004206,holivienr@yahoo.com,28,18,3573.24,true,FL,2021-06-02,ohumy6
Jackie Sinnock,2393310099,jsinnockns@wisc.edu,44,13,9610.93,true,FL,2021-09-25,
Anderea Schankelborg,8167369713,aschankelborgnt@twitter.com,34,24,6526.21,true,MO,2021-03-05,t0vrhm
Spence Bartrap,4146398001,sbartrapnu@senate.gov,39,12,1836.65,false,WI,2021-11-05,
Errick Chadwick,5129869252,echadwicknv@stanford.edu,79,11,3215.61,true,,2021-07-16,qv5ow4
Iosep Wagen,3614480932,iwagennw@yale.edu,62,1,7170.69,true,TX,2021-11-14,794zqq
Bat Irnis,3149486366,birnisnx@ted.com,49,9,1049.88,true,MO,2021-05-02,yl2dwm
Weidar Rolley,9374394572,wrolleyny@foxnews.com,84,15,9227.57,false,OH,2021-06-22,haic7l
Amalee Beccera,2062947078,abecceranz@usgs.gov,1,6,,false,WA,2021-10-25,v3j3j7
Olivia Comettoi,9541859351,ocomettoio0@deliciousdays.com,18,4,400.86,true,FL,2021-01-20,zozt4g
Kasey Westmerland,9075185110,kwestmerlando1@youku.com,85,28,1846.46,true,AK,2021-10-16,e0gvt4
Craggy Dinneges,8436775171,cdinnegeso2@blogger.com,35,2,8502.73,false,SC,2021-06-23,tbij79
Laney Battams,2021339068,lbattamso3@plala.or.jp,66,17,4841.05,true,DC,2021-10-09,w93aw1
Elset Bahls,3032073945,ebahlso4@arizona.edu,88,,5702.97,,CO,2021-08-13,
Ailyn Attride,5168963758,aattrideo5@gov.uk,82,10,1969.02,true,NY,2021-03-01,fq22py
Amye Wilcocke,9185469479,awilcockeo6@apache.org,39,12,,false,OK,2021-07-25,
My Mingo,6822434881,mmingoo7@macromedia.com,52,,4583.91,,TX,2021-01-26,c9a8k6
Rosemaria Abdie,5038778681,rabdieo8@google.cn,82,12,9580.47,true,OR,2021-05-25,ddbt8m
Antoinette Seely,3035508833,aseelyo9@slideshare.net,76,30,347.82,true,,2021-05-04,7sii7h
Lockwood Hablot,3343718074,lhablotoa@xinhuanet.com,14,12,9030.45,true,AL,2021-09-14,fz0rz8
Sandy Varne,2128257106,svarneob@newyorker.com,3,,2961.96,,NY,2021-09-20,o26vre
Alair Bilyard,2407714110,abilyardoc@hatena.ne.jp,97,28,4893.86,false,MD,2021-01-13,7sn3lz
Mignon Guilloud,5121901413,mguilloudod@harvard.edu,25,13,5974.62,true,TX,2021-06-22,0upasm
Goddard Gwinnell,6191304386,ggwinnelloe@squarespace.com,57,24,9733.06,true,CA,2021-06-07,1lbp2y
Dalston Dabels,2125156383,ddabelsof@vistaprint.com,6,19,9125.34,false,NY,2021-01-09,tblobm
Tannie Craigie,3048877140,tcraigieog@webs.com,39,17,9884.46,false,WV,2021-02-15,9i54gv
Westbrook Koche,8433796887,wkocheoh@taobao.com,14,30,213.54,true,SC,2021-02-11,
Fernanda McCullum,9721706577,fmccullumoi@amazon.de,21,21,5770.77,true,TX,2021-05-17,rxi8za
Langston Amburgy,4051724144,lamburgyoj@house.gov,15,7,6449.27,false,OK,2021-05-02,
Alejoa Allsup,7545973179,aallsupok@sbwire.com,93,29,1585.63,true,FL,2021-12-26,yfe93p
Onida Trevers,8032263453,otreversol@shutterfly.com,61,17,2273.71,false,,2021-06-08,n8k0lo
Sidonnie Kuschel,7207160276,skuschelom@aboutads.info,41,22,,false,CO,2021-03-26,9l53gh
Sonya Leppo,3033117975,sleppoon@4shared.com,63,12,7842.98,true,CO,2021-02-19,xkkidy
Fabien McLaine,3095645623,fmclaineoo@hc360.com,17,17,7653.29,false,IL,2021-09-14,b0uwpa
Devondra Hirschmann,4059741716,dhirschmannop@spotify.com,39,23,488.72,false,OK,2021-07-29,b8e8n0
Catharina Leonard,6027180555,cleonardoq@google.it,51,15,4780.04,true,AZ,2021-08-04,ijje66
Bobette Thresher,4791238797,bthresheror@constantcontact.com,64,,8442.99,,AR,2021-10-07,nb28o9
Fayth Mustchin,3149032293,fmustchinos@bizjournals.com,12,4,6884.3,true,MO,2021-08-11,63ma0n
Jinny Umfrey,4809215072,jumfreyot@scribd.com,66,16,5243.56,true,AZ,2021-08-23,1b3tv3
Jourdain Rosini,2107270172,jrosiniou@umn.edu,31,1,7150.62,true,,2021-07-21,96jbj7
Quillan Longworthy,9545251118,qlongworthyov@eventbrite.com,85,26,1450.76,false,FL,2021-12-22,lkcbew
Yorke Presidey,7279247154,ypresideyow@vinaora.com,17,1,8957.32,true,FL,2021-08-22,oolv6r
Zsa zsa Beartup,5711622211,zzsaox@phoca.cz,84,17,7320.6,false,VA,2021-03-28,605ijf
Jacques Meconi,3043189963,jmeconioy@nationalgeographic.com,34,19,2398.88,true,,2021-08-13,ulnqub
Laurena Blowes,9039748613,lblowesoz@printfriendly.com,66,,,,,2021-10-03,kdbld7
Cyndi Spellessy,9723199518,cspellessyp0@miibeian.gov.cn,18,16,9353.62,false,,2021-08-31,qflqaf
Ibbie Apfler,8052510651,iapflerp1@hatena.ne.jp,40,30,6077.91,true,CA,2021-06-08,k6rwq2
Hilly Briers,7131873129,hbriersp2@freewebs.com,37,6,7642.33,true,TX,2021-11-14,aiq9l6
Verena Sollitt,2534247026,vsollittp3@shop-pro.jp,14,8,2498.55,false,,2021-06-02,ha4f50
Bridget Spenley,7135601666,bspenleyp4@imageshack.us,51,25,7051.36,true,,2021-05-03,d7n7db
Jaimie Bickerton,7028549676,jbickertonp5@meetup.com,88,29,,false,NV,2021-09-24,6h8xec
Koressa Bartalin,7633131234,kbartalinp6@deviantart.com,78,9,1938.42,true,MN,2021-09-17,0wzw2g
Petunia Nares,3125865551,pnaresp7@auda.org.au,51,16,5164.44,true,IL,2021-11-22,
Barri Khristyukhin,4191484536,bkhristyukhinp8@theguardian.com,34,4,5347.52,true,OH,2021-10-16,jx3gb6
Benedick Pfaff,4238305287,bpfaffp9@usnews.com,36,21,,true,TN,2021-02-04,0kmbp8
Kessia Probin,3172956619,kprobinpa@nymag.com,99,27,1756.94,true,IN,2021-05-14,
Iggie Bogace,3108592757,ibogacepb@businesswire.com,32,29,700.71,true,CA,2021-05-04,auhss0
Dolorita Pullan,8107659479,dpullanpc@huffingtonpost.com,99,15,2405.29,false,MI,2021-11-30,zsslmn
Zacharias Nerheny,5043057875,znerhenypd@privacy.gov.au,32,14,2525.19,false,LA,2021-08-16,75eo7z
Shelagh Eltun,2123739243,seltunpe@auda.org.au,52,3,1981.99,false,NY,2021-11-04,
Gus Le Sarr,8601242503,glepf@nba.com,5,4,7735.01,true,CT,2021-11-25,b3sb04
Edd Posvner,2534081640,eposvnerpg@pinterest.com,67,30,7564.53,true,WA,2021-04-06,h0iykf
Rita Stainer,5044249738,rstainerph@mashable.com,20,20,5285.6,true,LA,2021-04-01,i646s7
Tish Mansion,9713063481,tmansionpi@dot.gov,73,22,5491.58,false,OR,2021-08-20,y49q2i
Alyson Thrower,9547226299,athrowerpj@wikipedia.org,43,30,2999.37,false,,2021-07-26,sqhosv
Melody Goatman,4355669317,mgoatmanpk@fotki.com,81,10,1064.72,true,UT,2021-05-06,rsvc36
Gibb Danko,5101401186,gdankopl@geocities.com,33,25,9990.55,true,CA,2021-02-26,bipd7z
Trent D'Alessio,6191512038,tdalessiopm@wufoo.com,78,4,1150.79,false,CA,2021-03-23,hpykj9
Babbette Isakov,9497206824,bisakovpn@ifeng.com,55,20,5025.18,false,CA,2021-03-01,
Roxi Fierro,5042288024,rfierropo@amazonaws.com,58,25,2097.0,true,LA,2021-02-02,3q11jv
Casar Klugman,8504786916,cklugmanpp@yelp.com,,19,8740.45,false,FL,2021-11-29,6nbj9o
Roobbie Boxe,6515089443,rboxepq@creativecommons.org,10,13,5588.6,true,MN,2021-11-05,lgn332
April Booler,8439455226,aboolerpr@amazon.com,51,1,1938.92,true,SC,2021-07-20,k73x11
Sinclair Small,9049851524,ssmallps@ibm.com,46,8,4851.52,true,FL,2021-12-12,o3jkhm
Herminia Yankov,3029356394,hyankovpt@macromedia.com,45,,7816.45,,DE,2021-04-14,av7dzw
Skyler Vankov,8043491913,svankovpu@hibu.com,82,10,6516.08,true,VA,2021-03-05,jfexzn
Petronella Cazalet,6028140570,pcazaletpv@scientificamerican.com,50,28,6825.65,true,AZ,2021-06-18,enhshy
Neddie Hedgecock,9136280016,nhedgecockpw@twitpic.com,60,19,8239.61,false,KS,2021-07-20,jcy9rb
Isaiah Tuckerman,9123996132,ituckermanpx@cam.ac.uk,24,9,4097.39,false,GA,2021-04-08,pfdh3s
Sammie Landsbury,4053772222,slandsburypy@blogtalkradio.com,58,25,1216.83,true,OK,2021-06-23,6qr4l1
Cornie Eppson,5135934091,ceppsonpz@istockphoto.com,95,26,1262.23,true,,2021-11-17,
Dorris Snoday,3209555717,dsnodayq0@pinterest.com,60,5,6949.78,true,MN,2021-10-11,s6reo7
Shaylyn Mottershaw,3096235279,smottershawq1@mac.com,15,28,1321.22,false,IL,2021-06-02,szrrnw
Garret Burke,8084237779,gburkeq2@bbc.co.uk,85,9,9200.66,true,HI,2021-05-15,7e0krq
Lauritz Unwins,8166418536,lunwinsq3@apache.org,49,5,5617.06,false,MO,2021-07-22,24l1n9
Aurore Franc,3527950452,afrancq4@telegraph.co.uk,50,21,9019.92,false,,2021-10-08,gaizdo
Lonee Goddman,2051694704,lgoddmanq5@dailymotion.com,24,,6932.91,,AL,2021-04-03,85dz9d
Elyse Faier,3035994986,efaierq6@npr.org,37,6,3182.36,true,CO,2021-08-17,3uaxz2
Whitney Metzke,4072825037,wmetzkeq7@sfgate.com,52,21,9457.83,false,FL,2021-12-15,
Erica Hanwright,6157348863,ehanwrightq8@arstechnica.com,21,20,,false,,2021-04-13,oo93uh
Gabbie Crosfeld,4239744004,gcrosfeldq9@house.gov,31,22,3419.62,false,TN,2021-05-27,8001t5
Jere Flewin,6788418518,jflewinqa@exblog.jp,80,17,7983.35,false,GA,2021-07-04,fnknux
Charlena Brimner,9731821351,cbrimnerqb@harvard.edu,81,,2987.44,,NJ,2021-11-30,hwq6mk
Dido McDermot,9079616721,dmcdermotqc@taobao.com,71,4,4828.23,true,AK,2021-11-04,qddjv1
Tessie Targe,8184126289,ttargeqd@fotki.com,86,13,2379.54,true,CA,2021-03-31,o01v43
Brooks Tildesley,3619916088,btildesleyqe@ycombinator.com,58,3,8065.46,false,TX,2021-07-17,4nkx02
Clayborn Aveline,6021238785,cavelineqf@nifty.com,10,,4508.02,,AZ,2021-03-07,8kspp9
Madge Reuss,2025955710,mreussqg@mit.edu,80,12,9212.72,true,DC,2021-10-01,g889uy
Rozalin Caldwell,5046529852,rcaldwellqh@wisc.edu,1,14,9641.28,false,LA,2021-06-03,f3wxx0
Corie Coggill,2125307613,ccoggillqi@vistaprint.com,23,25,6208.35,false,NY,2021-01-09,pzun2n
Moises Stroulger,9107380583,mstroulgerqj@mediafire.com,16,7,5904.85,true,NC,2021-06-23,7pjvz0
Chuck Piggot,2532235383,cpiggotqk@thetimes.co.uk,,1,3970.54,true,WA,2021-03-05,
Immanuel Mulloch,7192878001,imullochql@odnoklassniki.ru,79,3,5586.32,true,CO,2021-08-28,0asd9w
Lea Sydney,2023691562,lsydneyqm@vinaora.com,29,5,5592.63,false,DC,2021-10-07,
Anselma Large,3609471777,alargeqn@diigo.com,,11,6778.49,true,WA,2021-04-16,
Octavia Shercliff,2033304881,oshercliffqo@typepad.com,15,27,64.81,true,CT,2021-04-02,mhdo0x
Sean Weathey,4126487455,sweatheyqp@tmall.com,27,23,1286.26,true,PA,2021-05-21,br97w2
Katti Stealfox,9521248331,kstealfoxqq@nationalgeographic.com,70,23,1053.84,true,MN,2021-12-30,obkm54
Emelen Cheavin,9379127470,echeavinqr@baidu.com,82,25,7074.49,true,OH,2021-10-19,ng9x9c
Giordano Bartolomeoni,8129721745,gbartolomeoniqs@yolasite.com,55,4,,true,IN,2021-04-17,edbrcn
Rafa Staples,4145024123,rstaplesqt@gravatar.com,36,18,711.47,false,WI,2021-11-01,20nwj1
Emeline Le feuvre,5716473931,elequ@arizona.edu,47,17,5065.34,false,VA,2021-02-20,gfs48c
Kermit Lomen,3398167432,klomenqv@fema.gov,96,9,9172.69,true,,2021-04-30,twotre
Corie Teideman,2566098346,cteidemanqw@ca.gov,85,20,9837.76,false,AL,2021-01-20,aolcc3
Hamlin McKeller,7578156226,hmckellerqx@google.com,44,20,,true,,2021-06-10,d5qcka
Jo-anne Seyler,9151986421,jseylerqy@dailymotion.com,8,6,7779.35,true,TX,2021-12-29,x5cl7u
Jeri Iashvili,6165146756,jiashviliqz@tripadvisor.com,79,20,4139.14,false,MI,2021-10-04,xszy4h
Neils Critchlow,5124664557,ncritchlowr0@imdb.com,34,1,5577.34,false,TX,2021-11-17,06kdn3
Mimi Elderton,2133305677,meldertonr1@reddit.com,90,9,5360.91,true,CA,2021-06-12,g3a3gd
Nappie Hardbattle,8438875145,nhardbattler2@narod.ru,50,19,4026.4,false,,2021-09-16,qu90fz
Una Jakubczyk,9205060841,ujakubczykr3@google.com.au,87,8,4458.78,true,WI,2021-12-14,2pbv1g
Moina Gartsyde,7064815136,mgartsyder4@google.ru,37,20,7656.57,true,GA,2021-06-26,4g7hu5
Jenn Pitsall,8014202365,jpitsallr5@uol.com.br,74,23,9874.07,false,UT,2021-03-27,wwhpmb
Elianora Mithan,9413834336,emithanr6@discovery.com,23,24,6044.08,true,,2021-03-29,
Darda Sunners,8629038621,dsunnersr7@thetimes.co.uk,87,7,7830.2,false,NJ,2021-01-30,j93jw9
Samara Dalston,7137444933,sdalstonr8@nymag.com,63,12,7957.71,true,TX,2021-10-16,c9bwpv
Cecilla Larner,3362639729,clarnerr9@is.gd,15,26,2395.8,true,NC,2021-12-12,osyxmo
Darla Mulheron,3091072759,dmulheronra@csmonitor.com,83,21,7019.23,true,IL,2021-04-12,1xms9f
Van McKinnon,4691566444,vmckinnonrb@archive.org,35,3,3245.75,true,TX,2021-02-13,vp2jzu
Jedidiah Bastie,8055753756,jbastierc@ustream.tv,35,15,6316.61,true,CA,2021-02-22,sk48hh
Aeriela Weeds,9543903610,aweedsrd@imdb.com,34,27,5138.57,true,FL,2021-05-29,dxi2k2
Johnathan Whiterod,7018755476,jwhiterodre@gmpg.org,35,11,6312.41,true,ND,2021-04-05,
Ronalda Rive,7571357938,rriverf@vimeo.com,60,6,4122.03,false,VA,2021-07-02,ffb7wo
Meara Lockley,8313433674,mlockleyrg@stanford.edu,93,14,5870.28,true,CA,2021-04-22,9kikm0
Lura Olner,3109409482,lolnerrh@statcounter.com,87,26,1951.13,false,CA,2021-02-25,fnp1vd
Peria Armiger,7161634161,parmigerri@adobe.com,98,2,9272.26,false,NY,2021-12-22,dp8bmg
Tamma Standage,5046450038,tstandagerj@123-reg.co.uk,78,6,3282.09,false,LA,2021-11-17,
Demeter O'Loughnan,9176281212,doloughnanrk@paypal.com,59,14,3635.99,false,NY,2021-09-20,86j75z
Hamnet McConachie,6827679076,hmcconachierl@baidu.com,31,2,153.5,false,TX,2021-02-09,eeltl3
Kassandra Benoey,3101985145,kbenoeyrm@imageshack.us,16,13,5763.89,true,,2021-04-04,73v9gk
Bartel Fessby,2258117902,bfessbyrn@smugmug.com,22,26,6699.32,false,LA,2021-09-21,4g9uec
Cull Carlucci,7191765042,ccarlucciro@kickstarter.com,96,12,2237.56,false,CO,2021-10-10,h5nd4f
Lara Campanelli,6016573946,lcampanellirp@people.com.cn,79,14,9851.93,false,MS,2021-02-05,r1nzwf
Wandie Labat,6014840135,wlabatrq@parallels.com,22,12,8817.92,false,MS,2021-11-16,alke0k
Corabella Alstead,9527534329,calsteadrr@disqus.com,91,22,1081.03,false,,2021-12-08,ekisz3
